City_ID,City,Country,Date,Lat,Lng,Max Temp,Humidity,Cloudiness,Wind Speed
0,Cape Town,ZA,2021-04-22 02:41:53,-33.9258,18.4232,64.0,94,0,5.75
1,Maturin,VE,2021-04-22 02:42:22,9.75,-63.1767,73.04,88,23,5.61
2,Vaini,TO,2021-04-22 02:42:22,-21.2,-175.2,84.2,79,75,8.05
3,Slave Lake,CA,2021-04-22 02:42:22,55.2834,-114.769,35.6,93,90,19.57
4,Bowen,AU,2021-04-22 02:42:23,-20.0167,148.2333,78.8,65,40,9.22
5,Punta Arenas,CL,2021-04-22 02:42:23,-53.15,-70.9167,44.6,53,0,4.72
6,Ponta Delgada,PT,2021-04-22 02:42:23,37.7333,-25.6667,64.4,94,75,27.63
7,Saint-Philippe,RE,2021-04-22 02:42:24,-21.3585,55.7679,77.0,83,0,8.05
8,Ushuaia,AR,2021-04-22 02:39:06,-54.8,-68.3,42.8,70,75,2.51
9,Upernavik,GL,2021-04-22 02:42:24,72.7868,-56.1549,13.64,66,100,4.99
10,Esperance,AU,2021-04-22 02:42:24,-33.8667,121.9,62.6,67,90,2.3
11,Arraial Do Cabo,BR,2021-04-22 02:42:24,-22.9661,-42.0278,72.3,80,10,7.11
12,Mataura,NZ,2021-04-22 02:42:25,-46.1927,168.8643,55.0,81,92,4.0
13,Albany,US,2021-04-22 02:40:29,42.6001,-73.9662,34.0,59,58,3.0
14,Port Hedland,AU,2021-04-22 02:42:25,-20.3167,118.5667,91.4,11,5,17.27
15,Scarborough,GB,2021-04-22 02:42:25,54.2797,-0.4044,32.0,90,18,3.98
16,San Patricio,US,2021-04-22 02:42:26,28.017,-97.5169,62.6,72,1,12.66
17,Bluff,NZ,2021-04-22 02:42:26,-46.6,168.3333,55.0,81,100,4.0
18,Butaritari,KI,2021-04-22 02:42:26,3.0707,172.7902,81.97,78,74,14.94
19,Hobart,AU,2021-04-22 02:42:27,-42.8794,147.3294,60.8,41,40,23.02
20,Chokurdakh,RU,2021-04-22 02:42:27,70.6333,147.9167,16.29,87,100,13.4
21,Vao,NC,2021-04-22 02:42:27,-22.6667,167.4833,75.27,73,4,3.42
22,Haimen,CN,2021-04-22 02:42:27,23.1935,116.6142,82.4,51,0,4.47
23,Kazachinskoye,RU,2021-04-22 02:42:28,57.6953,93.2761,31.95,76,19,4.25
24,Hofn,IS,2021-04-22 02:42:28,64.2539,-15.2082,40.6,56,100,5.23
25,Kodiak,US,2021-04-22 02:42:28,57.79,-152.4072,42.8,87,90,18.41
26,Tazovskiy,RU,2021-04-22 02:42:29,67.4667,78.7,31.1,95,100,13.67
27,Rikitea,PF,2021-04-22 02:42:29,-23.1203,-134.9692,76.73,76,100,12.82
28,Cherskiy,RU,2021-04-22 02:42:29,68.75,161.3,33.85,80,100,20.45
29,Saint George,US,2021-04-22 02:41:04,37.1041,-113.5841,71.6,11,1,24.16
30,Qaanaaq,GL,2021-04-22 02:42:29,77.484,-69.3632,8.64,70,84,8.72
31,Lavrentiya,RU,2021-04-22 02:42:30,65.5833,-171.0,33.57,73,76,2.37
32,Chuy,UY,2021-04-22 02:42:30,-33.6971,-53.4616,65.88,75,3,12.62
33,Severo-Kurilsk,RU,2021-04-22 02:42:30,50.6789,156.125,36.97,92,100,13.67
34,Srednekolymsk,RU,2021-04-22 02:42:31,67.45,153.6833,31.87,98,71,15.1
35,Disna,BY,2021-04-22 02:42:31,55.568,28.1971,39.15,84,100,7.14
36,Fare,PF,2021-04-22 02:42:31,-16.7,-151.0167,80.6,74,83,15.75
37,Jacksonville,US,2021-04-22 02:38:56,30.3322,-81.6556,73.4,40,1,8.05
38,Comodoro Rivadavia,AR,2021-04-22 02:39:13,-45.8667,-67.5,51.8,66,0,8.05
39,Kahului,US,2021-04-22 02:42:32,20.8947,-156.47,82.4,54,40,14.97
40,Aksu,CN,2021-04-22 02:42:32,41.1231,80.2644,60.85,26,100,5.79
41,Waitati,NZ,2021-04-22 02:42:32,-45.75,170.5667,63.0,63,12,8.99
42,Busselton,AU,2021-04-22 02:42:32,-33.65,115.3333,64.0,76,98,4.0
43,Guozhen,CN,2021-04-22 02:42:33,34.3659,107.359,65.05,65,54,6.64
44,Tiksi,RU,2021-04-22 02:42:33,71.6872,128.8694,12.22,79,95,10.83
45,Atuona,PF,2021-04-22 02:40:22,-9.8,-139.0333,80.35,77,28,22.28
46,Constitucion,CL,2021-04-22 02:42:33,-35.3333,-72.4167,55.76,91,95,6.44
47,Guerrero Negro,MX,2021-04-22 02:42:34,27.9769,-114.0611,58.19,75,99,15.32
48,Den Helder,NL,2021-04-22 02:42:34,52.9599,4.7593,43.0,61,75,8.05
49,Fortuna,US,2021-04-22 02:42:34,40.5982,-124.1573,51.01,93,90,10.36
50,Eydhafushi,MV,2021-04-22 02:42:34,5.1033,73.0708,82.53,73,47,8.57
51,Saldanha,ZA,2021-04-22 02:42:35,-33.0117,17.9442,55.4,94,1,4.63
52,Nanortalik,GL,2021-04-22 02:42:35,60.1432,-45.2371,36.43,76,100,4.05
53,Yellowknife,CA,2021-04-22 02:41:49,62.456,-114.3525,18.0,57,75,12.66
54,Yar-Sale,RU,2021-04-22 02:42:35,66.8333,70.8333,33.67,99,100,9.86
55,Poienesti,RO,2021-04-22 02:42:36,46.6167,27.5333,43.0,93,0,4.61
56,Cardston,CA,2021-04-22 02:42:36,49.2,-113.3019,55.4,26,2,9.22
57,Richards Bay,ZA,2021-04-22 02:42:36,-28.783,32.0377,66.0,90,49,6.93
58,Vyshneve,UA,2021-04-22 02:40:34,50.3891,30.3705,45.0,93,0,2.24
59,Coahuayana,MX,2021-04-22 02:41:31,18.7333,-103.6833,70.16,73,52,2.42
60,Touros,BR,2021-04-22 02:42:37,-5.1989,-35.4608,78.8,89,40,2.3
61,Norman Wells,CA,2021-04-22 02:42:37,65.282,-126.8329,32.0,47,75,23.02
62,The Valley,AI,2021-04-22 02:39:02,18.217,-63.0578,79.0,73,20,12.66
63,Mar Del Plata,AR,2021-04-22 02:42:26,-38.0023,-57.5575,68.0,88,81,16.11
64,Khatanga,RU,2021-04-22 02:42:37,71.9667,102.5,21.87,93,100,16.82
65,Rudbar,AF,2021-04-22 02:42:38,30.15,62.6,76.98,27,0,16.93
66,Ostrovnoy,RU,2021-04-22 02:42:38,68.0531,39.5131,35.94,96,100,8.43
67,Kaitangata,NZ,2021-04-22 02:42:38,-46.2817,169.8464,59.0,79,50,1.99
68,Quatre Cocos,MU,2021-04-22 02:42:39,-20.2078,57.7625,77.0,88,40,3.44
69,Thompson,CA,2021-04-22 02:42:14,55.7435,-97.8558,46.4,39,20,3.44
70,Zhicheng,CN,2021-04-22 02:42:39,30.2956,111.5047,73.0,64,48,5.95
71,Bredasdorp,ZA,2021-04-22 02:42:39,-34.5322,20.0403,62.6,94,100,12.66
72,Dalbandin,PK,2021-04-22 02:42:40,28.8947,64.4101,77.92,20,0,9.98
73,Kruisfontein,ZA,2021-04-22 02:42:40,-34.0033,24.7314,63.0,97,100,1.01
74,Scharbeutz,DE,2021-04-22 02:42:40,54.0333,10.75,42.01,70,71,10.0
75,Pevek,RU,2021-04-22 02:42:40,69.7008,170.3133,30.99,72,23,16.17
76,Tasiilaq,GL,2021-04-22 02:42:41,65.6145,-37.6368,26.6,54,75,19.57
77,Cedral,MX,2021-04-22 02:42:41,23.8,-100.7333,57.7,83,55,22.55
78,Asau,RO,2021-04-22 02:42:41,46.4333,26.4,42.01,58,0,6.06
79,East London,ZA,2021-04-22 02:42:42,-33.0153,27.9116,67.95,89,79,4.5
80,Kapaa,US,2021-04-22 02:42:42,22.0752,-159.319,77.0,83,90,5.75
81,Nome,US,2021-04-22 02:42:42,64.5011,-165.4064,44.6,36,1,3.44
82,Muncar,ID,2021-04-22 02:41:11,-8.4333,114.3333,83.43,58,83,4.92
83,Alta Floresta,BR,2021-04-22 02:42:42,-9.8756,-56.0861,70.14,97,77,2.04
84,Praya,CV,2021-04-22 02:42:43,14.9215,-23.5087,69.8,78,20,13.8
85,Carnarvon,AU,2021-04-22 02:42:43,-24.8667,113.6333,82.4,28,100,12.66
86,Hermanus,ZA,2021-04-22 02:42:43,-34.4187,19.2345,66.99,86,88,5.99
87,Castro,BR,2021-04-22 02:42:44,-24.7911,-50.0119,56.19,92,86,6.89
88,Menongue,AO,2021-04-22 02:42:44,-14.6585,17.691,56.91,69,0,4.65
89,Katsuura,JP,2021-04-22 02:42:44,35.1333,140.3,77.0,16,75,11.5
90,Udachnyy,RU,2021-04-22 02:42:44,66.4167,112.4,22.6,80,100,11.56
91,Jamestown,US,2021-04-22 02:40:01,42.097,-79.2353,26.6,86,75,9.22
92,Port Alfred,ZA,2021-04-22 02:42:45,-33.5906,26.891,68.83,90,100,5.57
93,Karlivka,UA,2021-04-22 02:42:45,49.4567,35.1295,41.85,87,5,6.44
94,Havre-Saint-Pierre,CA,2021-04-22 02:42:45,50.2334,-63.5986,35.6,87,90,3.44
95,Grand Gaube,MU,2021-04-22 02:42:46,-20.0064,57.6608,75.99,85,99,1.01
96,Sao Jose Da Coroa Grande,BR,2021-04-22 02:42:46,-8.8978,-35.1478,77.76,82,94,5.1
97,Antofagasta,CL,2021-04-22 02:42:46,-23.65,-70.4,60.8,88,75,9.22
98,Denpasar,ID,2021-04-22 02:42:46,-8.65,115.2167,84.2,65,20,8.05
99,Price,US,2021-04-22 02:42:47,39.5994,-110.8107,51.8,24,40,14.97
100,Vanimo,PG,2021-04-22 02:42:47,-2.6741,141.3028,85.87,63,100,6.71
101,Isangel,VU,2021-04-22 02:42:47,-19.55,169.2667,84.2,79,75,9.66
102,New Norfolk,AU,2021-04-22 02:42:47,-42.7826,147.0587,60.01,58,75,8.01
103,Monrovia,LR,2021-04-22 02:42:48,6.3005,-10.7969,79.92,83,100,5.3
104,Sayyan,YE,2021-04-22 02:38:44,15.1718,44.3244,55.98,30,26,3.38
105,Cap Malheureux,MU,2021-04-22 02:42:48,-19.9842,57.6142,75.99,85,99,1.01
106,Greifswald,DE,2021-04-22 02:42:48,54.1,13.3833,39.99,80,24,17.49
107,West Fargo,US,2021-04-22 02:42:49,46.875,-96.9004,46.99,45,90,9.22
108,Suaita,CO,2021-04-22 02:42:49,6.1014,-73.4404,59.14,97,99,2.51
109,Lebu,CL,2021-04-22 02:40:16,-37.6167,-73.65,52.72,81,26,10.04
110,Leh,IN,2021-04-22 02:42:49,34.1667,77.5833,29.98,88,100,5.06
111,Lorengau,PG,2021-04-22 02:42:50,-2.0226,147.2712,86.2,69,97,7.9
112,Bambous Virieux,MU,2021-04-22 02:42:50,-20.3428,57.7575,77.0,88,40,3.44
113,Port Elizabeth,ZA,2021-04-22 02:42:50,-33.918,25.5701,64.4,94,40,9.22
114,Tual,ID,2021-04-22 02:42:50,-5.6667,132.75,83.23,71,28,4.97
115,Avarua,CK,2021-04-22 02:42:51,-21.2078,-159.775,82.4,65,40,13.8
116,Abu Samrah,SY,2021-04-22 02:42:51,35.3029,37.1841,54.3,58,2,4.56
117,Hithadhoo,MV,2021-04-22 02:42:51,-0.6,73.0833,82.65,68,71,4.94
118,Opuwo,NA,2021-04-22 02:42:52,-18.0607,13.84,67.91,36,41,11.7
119,Kigoma,TZ,2021-04-22 02:42:52,-4.8769,29.6267,68.0,94,20,5.61
120,Shimoda,JP,2021-04-22 02:42:52,34.6667,138.95,68.0,34,0,6.91
121,Airai,TL,2021-04-22 02:42:53,-8.9266,125.4092,75.07,52,32,2.28
122,Bandarbeyla,SO,2021-04-22 02:42:53,9.4942,50.8122,81.28,80,15,3.06
123,Georgetown,MY,2021-04-22 02:39:40,5.4112,100.3354,86.0,79,20,3.44
124,Thinadhoo,MV,2021-04-22 02:42:53,0.5333,72.9333,82.45,64,14,5.32
125,Baruun-Urt,MN,2021-04-22 02:42:53,46.6806,113.2792,56.3,38,65,16.42
126,Fatsa,TR,2021-04-22 02:42:54,41.0278,37.5014,51.8,100,75,1.14
127,Vila Velha,BR,2021-04-22 02:42:54,-20.3297,-40.2925,73.4,83,0,4.61
128,Marathon,US,2021-04-22 02:42:54,44.9,-89.7668,35.6,41,75,9.22
129,Pacific Grove,US,2021-04-22 02:42:55,36.6177,-121.9166,52.0,89,71,7.83
130,Arona,ES,2021-04-22 02:42:55,28.0996,-16.681,66.99,77,75,1.14
131,Hatta,IN,2021-04-22 02:42:55,24.1167,79.6,84.6,24,20,3.51
132,Yulara,AU,2021-04-22 02:42:55,-25.2406,130.9889,75.2,25,0,11.5
133,Leningradskiy,RU,2021-04-22 02:42:56,69.3833,178.4167,36.63,75,4,4.56
134,Fayaoue,NC,2021-04-22 02:42:56,-20.65,166.5333,78.15,76,2,7.0
135,Flinders,AU,2021-04-22 02:42:56,-34.5833,150.8552,68.0,41,1,10.0
136,Victoria,HK,2021-04-22 02:39:17,22.2855,114.1577,80.01,71,0,3.0
137,Kavieng,PG,2021-04-22 02:42:56,-2.5744,150.7967,84.31,69,82,9.51
138,Chichica,PA,2021-04-22 02:42:57,8.4922,-82.1627,74.1,87,81,4.14
139,Zhigansk,RU,2021-04-22 02:42:57,66.7697,123.3711,13.3,70,100,2.82
140,Rio Gallegos,AR,2021-04-22 02:42:57,-51.6226,-69.2181,30.2,69,0,8.05
141,Grindavik,IS,2021-04-22 02:42:58,63.8424,-22.4338,42.8,93,90,14.97
142,Chimbote,PE,2021-04-22 02:42:58,-9.0853,-78.5783,66.67,90,7,6.33
143,Barguzin,RU,2021-04-22 02:42:58,53.6167,109.6167,32.63,42,59,1.7
144,Ponta Do Sol,PT,2021-04-22 02:42:58,32.6667,-17.1,63.0,78,79,1.01
145,Fort Smith,US,2021-04-22 02:40:35,35.3859,-94.3986,53.6,37,1,4.61
146,Mitsamiouli,KM,2021-04-22 02:42:59,-11.3847,43.2844,80.98,75,67,8.48
147,Maldonado,UY,2021-04-22 02:42:59,-34.6667,-54.9167,64.4,82,0,6.91
148,Ancud,CL,2021-04-22 02:42:59,-41.8697,-73.8203,46.0,100,0,4.03
149,Manado,ID,2021-04-22 02:43:00,1.487,124.8455,91.4,52,20,2.3
150,Cidreira,BR,2021-04-22 02:43:00,-30.1811,-50.2056,70.25,62,89,17.52
151,Saint-Joseph,RE,2021-04-22 02:43:00,-21.3667,55.6167,77.0,83,0,8.05
152,Cap-Aux-Meules,CA,2021-04-22 02:43:00,47.3821,-61.8597,44.6,76,80,13.8
153,Manta,EC,2021-04-22 02:42:17,-0.95,-80.7333,77.0,83,90,3.44
154,Alofi,NU,2021-04-22 02:43:01,-19.0595,-169.9187,86.0,70,75,10.36
155,Puerto Ayora,EC,2021-04-22 02:43:01,-0.7393,-90.3518,75.99,97,81,3.0
156,Sao Filipe,CV,2021-04-22 02:43:02,14.8961,-24.4956,72.32,70,93,12.71
157,Pangkalanbuun,ID,2021-04-22 02:43:02,-2.6833,111.6167,89.44,50,100,4.65
158,Souillac,MU,2021-04-22 02:43:02,-20.5167,57.5167,77.0,88,40,3.44
159,Assiniboia,CA,2021-04-22 02:43:02,49.6334,-105.9845,46.4,25,0,9.22
160,Gorom-Gorom,BF,2021-04-22 02:43:03,14.4439,-0.2361,84.52,10,52,4.68
161,Deputatskiy,RU,2021-04-22 02:43:03,69.3,139.9,12.42,72,100,4.76
162,Barrow,US,2021-04-22 02:43:03,71.2906,-156.7887,21.2,93,90,9.22
163,Bengkulu,ID,2021-04-22 02:43:04,-3.8004,102.2655,83.05,68,44,3.38
164,Zaysan,KZ,2021-04-22 02:43:04,47.4667,84.8667,33.15,58,66,9.19
165,Praia,CV,2021-04-22 02:42:43,14.9215,-23.5087,69.8,78,20,13.8
166,Ligayan,PH,2021-04-22 02:43:04,4.6533,119.4706,83.01,68,91,2.21
167,Ban Nahin,LA,2021-04-22 02:43:05,18.2418,104.2122,89.01,59,49,2.95
168,Cockburn Town,TC,2021-04-22 02:43:05,21.4612,-71.1419,78.1,80,61,20.0
169,Salalah,OM,2021-04-22 02:43:05,17.0151,54.0924,78.8,73,40,4.61
170,Kota Belud,MY,2021-04-22 02:43:05,6.351,116.4305,87.8,70,20,5.75
171,Alexandria,EG,2021-04-22 02:41:00,31.2156,29.9553,60.8,77,40,8.05
172,Neiafu,TO,2021-04-22 02:43:06,-18.65,-173.9833,84.2,79,75,14.34
173,Lata,PT,2021-04-22 02:43:06,40.1629,-8.3327,55.99,95,99,1.01
174,Kangaatsiaq,GL,2021-04-22 02:43:06,68.3065,-53.4641,17.35,85,60,9.31
175,Mayor Pablo Lagerenza,PY,2021-04-22 02:43:07,-19.9309,-60.7718,81.97,51,93,7.4
176,Szank,HU,2021-04-22 02:43:07,46.5571,19.661,48.0,76,0,6.91
177,Bazarnyye Mataki,RU,2021-04-22 02:43:07,54.8833,49.9333,39.34,94,100,11.21
178,Kolo,PL,2021-04-22 02:43:07,52.2002,18.6387,45.0,90,97,1.01
179,Hamilton,US,2021-04-22 02:40:55,39.1834,-84.5333,36.0,80,20,4.61
180,Talara,PE,2021-04-22 02:43:08,-4.5772,-81.2719,70.79,81,41,11.07
181,Halifax,CA,2021-04-22 02:41:57,44.6453,-63.5724,48.99,93,40,5.75
182,Bambanglipuro,ID,2021-04-22 02:43:08,-7.95,110.2833,84.6,61,44,9.35
183,Kununurra,AU,2021-04-22 02:43:08,-15.7667,128.7333,91.4,29,42,10.36
184,Galeana,MX,2021-04-22 02:43:09,24.8333,-100.0667,57.0,70,59,8.01
185,Alugan,PH,2021-04-22 02:43:09,12.2188,125.4808,84.25,70,49,11.43
186,Concepcion Del Oro,MX,2021-04-22 02:43:09,24.6333,-101.4167,60.08,47,10,10.2
187,Rosarito,MX,2021-04-22 02:43:09,32.3333,-117.0333,57.2,82,90,12.66
188,Westport,US,2021-04-22 02:43:10,41.1415,-73.3579,39.99,56,25,15.86
189,Te Anau,NZ,2021-04-22 02:43:10,-45.4167,167.7167,55.17,80,100,5.91
190,Romny,UA,2021-04-22 02:43:10,50.751,33.4747,39.49,90,47,8.16
191,Lima,PE,2021-04-22 02:39:47,-12.0432,-77.0282,69.01,82,0,12.66
192,Narsaq,GL,2021-04-22 02:43:11,60.9167,-46.05,46.4,29,75,34.52
193,Nikolskoye,RU,2021-04-22 02:43:11,59.7035,30.7861,35.01,93,40,6.71
194,San Jose,US,2021-04-22 02:40:52,37.3394,-121.895,59.0,67,20,16.11
195,Pombas,CV,2021-04-22 02:43:11,17.1503,-25.0201,69.8,73,75,16.11
196,Bayburt,TR,2021-04-22 02:43:12,40.2589,40.2278,43.65,79,0,2.39
197,Peniche,PT,2021-04-22 02:43:12,39.3558,-9.3811,59.0,87,56,3.0
198,Uruzgan,AF,2021-04-22 02:43:12,32.8333,66.0,60.49,31,70,5.95
199,Scalea,IT,2021-04-22 02:43:12,39.813,15.7956,53.01,93,100,3.87
200,Evensk,RU,2021-04-22 02:43:13,61.95,159.2333,31.98,81,100,4.68
201,Luderitz,NA,2021-04-22 02:43:13,-26.6481,15.1594,65.68,68,40,7.92
202,Okato,NZ,2021-04-22 02:43:13,-39.2,173.8833,64.0,78,6,7.0
203,Longyearbyen,SJ,2021-04-22 02:43:13,78.2186,15.6401,17.6,73,75,10.36
204,Olafsvik,IS,2021-04-22 02:43:14,64.8945,-23.7142,41.5,88,100,11.16
205,Mana,GF,2021-04-22 02:43:14,5.6592,-53.7767,76.55,90,79,10.36
206,Puerto Del Rosario,ES,2021-04-22 02:43:14,28.5004,-13.8627,66.2,72,90,10.36
207,Yerbogachen,RU,2021-04-22 02:43:15,61.2767,108.0108,28.8,67,64,7.99
208,Buin,CL,2021-04-22 02:43:15,-33.7333,-70.75,57.99,77,0,5.75
209,Matagami,CA,2021-04-22 02:43:15,49.7502,-77.6328,17.6,73,40,5.75
210,Talnakh,RU,2021-04-22 02:43:15,69.4865,88.3972,18.16,94,100,10.4
211,Chambersburg,US,2021-04-22 02:41:00,39.9376,-77.6611,39.2,45,90,14.97
212,Lodja,CD,2021-04-22 02:43:16,-3.4833,23.4333,65.7,99,92,1.45
213,Orsha,BY,2021-04-22 02:43:16,54.5153,30.4053,39.7,91,64,7.02
214,Bitung,ID,2021-04-22 02:43:16,1.4451,125.1824,91.4,52,20,2.3
215,Itaquyry,PY,2021-04-22 02:43:16,-24.9333,-55.2167,64.4,88,0,3.78
216,Okhotsk,RU,2021-04-22 02:39:21,59.3833,143.3,29.95,96,94,5.17
217,College,US,2021-04-22 02:43:17,64.8569,-147.8028,48.0,25,1,5.75
218,Sitka,US,2021-04-22 02:43:17,57.0531,-135.33,55.4,30,20,4.61
219,Savannah Bight,HN,2021-04-22 02:43:17,16.45,-85.85,80.01,87,95,3.0
220,Dingle,PH,2021-04-22 02:43:18,10.9995,122.6711,90.52,52,100,16.62
221,Iracoubo,GF,2021-04-22 02:43:18,5.4802,-53.2011,76.89,89,100,11.95
222,Nargana,PA,2021-04-22 02:43:18,9.4428,-78.5906,80.24,75,89,6.29
223,Bethel,US,2021-04-22 02:43:18,41.3712,-73.414,39.2,52,90,12.66
224,Changqing,CN,2021-04-22 02:43:19,36.5575,116.7272,52.61,89,100,9.17
225,Tomigusuku,JP,2021-04-22 02:43:19,26.185,127.675,71.6,88,75,17.27
226,Panalingaan,PH,2021-04-22 02:43:19,8.7842,117.4231,83.32,74,68,7.05
227,Nesebar,BG,2021-04-22 02:43:20,42.7833,27.7333,44.6,93,0,11.5
228,Lagoa,PT,2021-04-22 02:43:20,39.05,-27.9833,62.02,82,67,36.39
229,Jibuti,DJ,2021-04-22 02:43:20,11.5,42.5,80.6,74,75,7.96
230,Phan Thiet,VN,2021-04-22 02:43:20,10.9333,108.1,87.57,62,83,2.62
231,Bikin,RU,2021-04-22 02:43:21,46.8161,134.26,70.38,22,0,7.23
232,Panguna,PG,2021-04-22 02:43:21,-6.3164,155.4848,76.06,85,78,0.72
233,Manokwari,ID,2021-04-22 02:43:00,-0.8667,134.0833,83.19,68,45,4.36
234,Provideniya,RU,2021-04-22 02:43:21,64.3833,-173.3,33.8,60,0,1.9
235,Ojinaga,MX,2021-04-22 02:43:22,29.5667,-104.4167,62.6,36,1,17.27
236,Sunndalsora,NO,2021-04-22 02:43:22,62.6754,8.5515,35.6,93,75,3.44
237,Sao Joao Da Barra,BR,2021-04-22 02:43:22,-21.6403,-41.0511,70.29,86,0,15.37
238,Golspie,GB,2021-04-22 02:43:22,57.9727,-3.978,32.0,91,100,1.99
239,Faya,SA,2021-04-22 02:43:23,18.3851,42.4509,60.8,36,0,3.85
240,Beyneu,KZ,2021-04-22 02:43:23,45.3167,55.2,53.62,21,100,24.58
241,Road Town,VG,2021-04-22 02:43:23,18.4167,-64.6167,78.01,88,73,15.99
242,Ola,RU,2021-04-22 02:43:23,59.5833,151.2833,32.88,97,100,3.15
243,Putina,PE,2021-04-22 02:43:24,-15.4667,-69.4333,42.37,76,46,3.78
244,Coquimbo,CL,2021-04-22 02:43:24,-29.9533,-71.3436,57.2,88,0,6.91
245,Portland,US,2021-04-22 02:40:22,45.5234,-122.6762,72.0,32,75,6.91
246,Alyangula,AU,2021-04-22 02:43:24,-13.8483,136.4192,87.8,74,75,9.22
247,Oranjemund,NA,2021-04-22 02:43:25,-28.55,16.4333,59.31,87,0,3.71
248,Bulancak,TR,2021-04-22 02:43:25,40.9372,38.2291,51.8,100,75,1.14
249,Codrington,AU,2021-04-22 02:43:25,-38.2667,141.9667,60.4,55,50,17.63
250,Dunedin,NZ,2021-04-22 02:43:25,-45.8742,170.5036,62.01,66,13,8.99
251,Halvad,IN,2021-04-22 02:43:26,23.0167,71.1833,83.28,49,66,6.31
252,Osorno,CL,2021-04-22 02:43:26,-40.5667,-73.15,44.6,93,0,1.57
253,Port Lincoln,AU,2021-04-22 02:43:26,-34.7333,135.8667,61.93,56,100,12.39
254,Namibe,AO,2021-04-22 02:43:26,-15.1961,12.1522,80.73,69,39,3.8
255,Lubao,PH,2021-04-22 02:43:27,14.9167,120.55,89.6,74,75,2.3
256,Muros,ES,2021-04-22 02:43:27,42.7762,-9.0603,55.0,95,99,7.47
257,Havoysund,NO,2021-04-22 02:43:27,70.9963,24.6622,33.8,69,75,4.61
258,Erenhot,CN,2021-04-22 02:43:28,43.6475,111.9767,64.56,45,99,6.67
259,Bardiyah,LY,2021-04-22 02:43:28,31.7561,25.0865,58.28,71,0,8.01
260,Qasigiannguit,GL,2021-04-22 02:43:28,68.8193,-51.1922,28.4,50,26,16.11
261,Mezhdurechensk,RU,2021-04-22 02:43:28,53.6942,88.0603,32.99,65,99,3.51
262,Hilo,US,2021-04-22 02:40:44,19.7297,-155.09,82.4,57,75,9.22
263,Kaeo,NZ,2021-04-22 02:43:29,-35.1,173.7833,71.01,68,42,8.99
264,Chicama,PE,2021-04-22 02:43:29,-7.8447,-79.1469,70.36,80,37,6.89
265,San Joaquin,US,2021-04-22 02:43:29,37.9333,-121.3011,69.8,37,1,17.27
266,Batticaloa,LK,2021-04-22 02:43:30,7.7102,81.6924,82.74,73,62,5.75
267,San Quintin,MX,2021-04-22 02:43:30,30.4833,-115.95,57.47,70,17,11.1
268,Mamou,GN,2021-04-22 02:43:30,10.5,-12.0,70.48,89,88,2.46
269,Ulladulla,AU,2021-04-22 02:43:30,-35.35,150.4667,64.4,32,0,17.27
270,La Romana,DO,2021-04-22 02:43:31,18.4273,-68.9728,73.4,100,20,8.9
271,Luena,AO,2021-04-22 02:43:31,-11.7833,19.9167,58.68,71,41,3.87
272,Copiapo,CL,2021-04-22 02:43:31,-27.3667,-70.3333,59.0,88,90,2.06
273,Plettenberg Bay,ZA,2021-04-22 02:43:32,-34.0527,23.3716,65.62,93,96,9.15
274,Sobolevo,RU,2021-04-22 02:43:32,54.4299,31.8996,38.08,96,37,7.36
275,Tucuman,AR,2021-04-22 02:40:16,-26.8241,-65.2226,75.2,83,20,4.79
276,Caravelas,BR,2021-04-22 02:43:32,-17.7125,-39.2481,73.89,89,99,1.77
277,Hasaki,JP,2021-04-22 02:43:33,35.7333,140.8333,75.99,18,40,16.11
278,Changli,CN,2021-04-22 02:43:33,39.7042,119.1506,50.23,72,100,7.99
279,Vung Tau,VN,2021-04-22 02:43:33,10.346,107.0843,81.66,78,100,5.06
280,Broome,US,2021-04-22 02:43:33,42.2506,-75.833,30.0,74,75,11.5
281,Willowmore,ZA,2021-04-22 02:43:34,-33.2926,23.4895,60.49,73,100,7.31
282,Chippewa Falls,US,2021-04-22 02:43:34,44.9369,-91.3929,35.6,44,90,3.44
283,Necochea,AR,2021-04-22 02:43:34,-38.5473,-58.7368,66.0,89,100,14.0
284,Ust-Tsilma,RU,2021-04-22 02:43:34,65.441,52.1498,40.35,88,100,10.58
285,Tuatapere,NZ,2021-04-22 02:43:35,-46.1333,167.6833,55.0,81,100,4.0
286,Tuktoyaktuk,CA,2021-04-22 02:43:35,69.4541,-133.0374,12.2,73,20,23.02
287,Cabedelo,BR,2021-04-22 02:43:35,-6.9811,-34.8339,77.0,100,40,3.44
288,Aginskoye,RU,2021-04-22 02:43:36,51.1,114.53,47.68,22,6,14.18
289,Umba,RU,2021-04-22 02:43:36,66.6871,34.3429,34.52,98,100,6.33
290,Nishihara,JP,2021-04-22 02:43:36,26.1842,127.7558,71.6,88,75,17.27
291,Torbay,CA,2021-04-22 02:43:36,47.6666,-52.7314,37.99,93,20,5.75
292,Valencia,ES,2021-04-22 02:41:38,39.3333,-0.8333,55.99,94,75,4.61
293,Ribeira Grande,PT,2021-04-22 02:43:37,38.5167,-28.7,61.65,83,47,37.58
294,Rio Grande,BR,2021-04-22 02:43:37,-32.035,-52.0986,68.0,84,79,1.99
295,Hirara,JP,2021-04-22 02:43:37,24.8,125.2833,75.2,88,75,16.11
296,Geraldton,AU,2021-04-22 02:43:38,-28.7667,114.6,80.6,28,84,16.11
297,Arman,RU,2021-04-22 02:43:38,59.7,150.1667,32.85,97,100,4.74
298,Navirai,BR,2021-04-22 02:43:38,-23.065,-54.1906,63.1,65,0,5.28
299,Pangnirtung,CA,2021-04-22 02:43:38,66.1451,-65.7125,22.98,96,100,3.33
300,Clyde River,CA,2021-04-22 02:41:11,70.4692,-68.5914,8.6,92,1,12.66
301,Jinka,ET,2021-04-22 02:43:39,5.65,36.65,60.93,92,97,3.04
302,Egvekinot,RU,2021-04-22 02:43:39,66.3167,-179.1667,32.0,83,100,2.51
303,Takoradi,GH,2021-04-22 02:43:39,4.8845,-1.7554,80.24,84,48,6.69
304,Sept-Iles,CA,2021-04-22 02:42:33,50.2001,-66.3821,35.01,100,90,8.05
305,Moerai,PF,2021-04-22 02:43:40,-22.4333,-151.3333,78.15,68,34,25.17
306,Tessalit,ML,2021-04-22 02:43:40,20.1986,1.0114,78.12,10,1,7.45
307,Kupang,ID,2021-04-22 02:43:40,-10.1667,123.5833,83.43,64,24,3.91
308,Rabo De Peixe,PT,2021-04-22 02:42:08,37.8,-25.5833,64.4,94,75,27.63
309,Ambilobe,MG,2021-04-22 02:43:40,-13.2,49.05,72.25,83,99,4.05
310,Dire,ML,2021-04-22 02:43:41,12.2833,-10.9667,82.83,52,67,5.5
311,Pisco,PE,2021-04-22 02:43:41,-13.7,-76.2167,66.2,88,14,14.97
312,Kano,NG,2021-04-22 02:43:41,12.0001,8.5167,80.6,50,0,6.91
313,Najran,SA,2021-04-22 02:43:42,17.4924,44.1277,64.4,19,0,4.61
314,Iqaluit,CA,2021-04-22 02:43:42,63.7506,-68.5145,15.8,79,75,19.57
315,Kamenka,RU,2021-04-22 02:43:42,51.3223,42.7678,39.99,95,14,6.24
316,Half Moon Bay,US,2021-04-22 02:43:43,37.4636,-122.4286,54.0,87,90,5.75
317,Meulaboh,ID,2021-04-22 02:43:09,4.1363,96.1285,82.22,77,100,3.11
318,Port Hardy,CA,2021-04-22 02:40:00,50.6996,-127.4199,55.4,47,40,11.5
319,La Ronge,CA,2021-04-22 02:43:43,55.1001,-105.2842,57.2,21,20,3.44
320,Nuuk,GL,2021-04-22 02:41:04,64.1835,-51.7216,30.2,80,8,6.91
321,Dalaba,GN,2021-04-22 02:43:43,10.7,-12.25,65.68,83,53,2.04
322,Isla Vista,US,2021-04-22 02:43:44,34.4133,-119.861,60.8,67,90,6.91
323,Langxiang,CN,2021-04-22 02:43:44,46.95,128.8833,72.28,17,100,8.81
324,Tatui,BR,2021-04-22 02:43:44,-23.3556,-47.8569,69.01,66,24,3.0
325,Gornopravdinsk,RU,2021-04-22 02:43:44,60.05,69.9,35.6,66,44,8.05
326,Dikson,RU,2021-04-22 02:43:45,73.5069,80.5464,25.11,96,98,13.24
327,Ocean City,US,2021-04-22 02:39:05,39.2776,-74.5746,44.6,53,90,16.11
328,Kanchanaburi,TH,2021-04-22 02:43:45,14.6333,99.1,85.24,65,48,5.23
329,Inuvik,CA,2021-04-22 02:42:33,68.3499,-133.7218,21.2,63,78,12.66
330,Yenagoa,NG,2021-04-22 02:43:45,4.9247,6.2642,77.72,91,53,3.6
331,Karangampel,ID,2021-04-22 02:41:14,-6.4622,108.4519,84.33,57,26,6.26
332,Klaksvik,FO,2021-04-22 02:43:46,62.2266,-6.589,39.2,93,75,4.61
333,Thunder Bay,CA,2021-04-22 02:42:45,48.4001,-89.3168,32.0,80,1,4.61
334,Kitami,JP,2021-04-22 02:43:46,43.8031,143.8908,35.01,86,75,17.27
335,Buchanan,LR,2021-04-22 02:43:46,5.8808,-10.0467,79.18,86,98,4.65
336,Aklavik,CA,2021-04-22 02:43:47,68.2191,-135.0107,21.2,63,98,12.66
337,Sokolo,ML,2021-04-22 02:43:47,14.7328,-6.1219,85.55,47,60,12.41
338,Cayenne,GF,2021-04-22 02:43:47,4.9333,-52.3333,77.0,94,75,3.44
339,Vestmannaeyjar,IS,2021-04-22 02:43:47,63.4427,-20.2734,44.17,81,100,13.11
340,Faanui,PF,2021-04-22 02:43:48,-16.4833,-151.75,81.34,74,83,15.35
341,Carutapera,BR,2021-04-22 02:43:48,-1.195,-46.02,75.52,93,97,3.31
342,Tari,NG,2021-04-22 02:43:48,12.4086,4.4914,79.72,60,100,9.78
343,Bireun,ID,2021-04-22 02:43:49,5.203,96.7009,84.43,70,100,4.41
344,Buraydah,SA,2021-04-22 02:43:49,26.326,43.975,69.8,35,0,2.3
345,Daru,PG,2021-04-22 02:43:49,-9.0763,143.2092,85.35,64,18,5.99
346,Batemans Bay,AU,2021-04-22 02:43:49,-35.7167,150.1833,66.0,45,34,4.97
347,Yaan,NG,2021-04-22 02:43:50,7.3833,8.5667,77.38,80,67,6.89
348,Pavlogradka,RU,2021-04-22 02:43:50,54.2024,73.5592,32.47,54,11,9.04
349,Moose Factory,CA,2021-04-22 02:43:50,51.2585,-80.6094,19.4,79,40,6.91
350,Ahipara,NZ,2021-04-22 02:43:51,-35.1667,173.1667,66.4,64,52,4.41
351,Aksha,RU,2021-04-22 02:43:51,50.2814,113.2867,48.78,25,2,10.33
352,Vaitape,PF,2021-04-22 02:43:51,-16.5167,-151.75,81.3,74,83,15.23
353,Belmonte,BR,2021-04-22 02:43:51,-15.8631,-38.8828,77.0,83,75,3.44
354,Tambacounda,SN,2021-04-22 02:43:52,13.7539,-13.7586,84.2,20,0,4.61
355,Hami,CN,2021-04-22 02:43:52,42.8,93.45,67.03,25,97,15.14
356,Huilong,CN,2021-04-22 02:43:52,31.8111,121.655,75.0,70,89,19.89
357,Januaria,BR,2021-04-22 02:43:53,-15.4833,-44.3667,70.12,84,66,3.13
358,Raub,MY,2021-04-22 02:43:53,3.7899,101.857,79.63,90,96,1.97
359,Timizart,DZ,2021-04-22 02:43:53,36.8,4.2667,55.45,67,100,2.91
360,Muleba,TZ,2021-04-22 02:43:53,-1.8397,31.6544,66.2,94,75,5.75
361,Suntar,RU,2021-04-22 02:43:54,62.1444,117.6319,27.82,56,93,8.14
362,Marzuq,YE,2021-04-22 02:43:54,14.4,46.4667,68.45,28,0,3.36
363,Kulhudhuffushi,MV,2021-04-22 02:43:54,6.6221,73.07,83.77,68,45,6.46
364,Ribita,RO,2021-04-22 02:43:54,46.1833,22.7667,42.64,87,63,2.86
365,Goundam,ML,2021-04-22 02:43:55,16.4145,-3.6708,82.65,12,95,5.21
366,Jinxiang,CN,2021-04-22 02:43:55,27.4327,120.6062,64.51,88,100,5.17
367,Veraval,IN,2021-04-22 02:43:55,20.9,70.3667,81.84,64,100,8.28
368,Volchansk,RU,2021-04-22 02:43:56,59.9378,60.081,42.93,62,98,7.02
369,Baker City,US,2021-04-22 02:39:59,44.7749,-117.8344,57.2,21,1,17.27
370,Doka,SD,2021-04-22 02:43:56,13.5167,35.7667,89.26,21,82,5.37
371,Cudahy,US,2021-04-22 02:43:56,33.9606,-118.1853,61.0,63,90,3.44
372,Kastamonu,TR,2021-04-22 02:43:56,41.5,33.6667,39.15,85,31,3.91
373,Kaili,ID,2021-04-22 02:43:57,-3.4626,120.2147,73.53,87,92,2.35
374,Murgab,TM,2021-04-22 02:43:57,37.4966,61.9714,51.8,50,0,4.61
375,Dunmore East,IE,2021-04-22 02:43:57,52.1514,-6.9861,48.0,82,6,4.0
376,Kyren,RU,2021-04-22 02:43:58,51.6828,102.1408,25.47,87,100,3.89
377,Cotonou,BJ,2021-04-22 02:43:58,6.3654,2.4183,84.2,84,20,9.22
378,Korla,CN,2021-04-22 02:39:11,41.7597,86.1469,64.89,26,100,16.13
379,Beringovskiy,RU,2021-04-22 02:43:58,63.05,179.3167,29.75,74,46,3.47
380,Sinjar,IQ,2021-04-22 02:43:59,36.3209,41.8754,66.96,35,100,8.41
381,Komsomolskiy,UZ,2021-04-22 02:43:59,40.4272,71.7189,51.8,58,2,2.3
382,Gweta,BW,2021-04-22 02:43:59,-20.1833,25.2333,57.83,57,0,8.05
383,Mackay,AU,2021-04-22 02:43:59,-21.15,149.2,77.0,83,90,9.22
384,Tabou,CI,2021-04-22 02:44:00,4.423,-7.3528,79.25,86,16,5.7
385,Oriximina,BR,2021-04-22 02:44:00,-1.7656,-55.8661,74.64,92,91,2.8
386,Fort Nelson,CA,2021-04-22 02:44:00,58.8053,-122.7002,32.0,43,75,4.61
387,Niono,ML,2021-04-22 02:44:00,14.2526,-5.993,84.29,48,89,8.97
388,Belyy Yar,RU,2021-04-22 02:44:01,53.6039,91.3903,35.6,32,0,11.18
389,Laguna,US,2021-04-22 02:44:01,38.421,-121.4238,73.4,48,1,14.97
390,Smidovich,RU,2021-04-22 02:44:01,48.6,133.8167,69.55,20,0,9.86
391,Katobu,ID,2021-04-22 02:44:02,-4.9408,122.5276,85.51,66,100,1.32
392,Malanville,BJ,2021-04-22 02:44:02,11.8685,3.3899,83.3,54,100,9.19
393,Iana,RO,2021-04-22 02:44:02,46.3833,27.55,39.2,93,0,4.61
394,Turukhansk,RU,2021-04-22 02:44:03,65.8167,87.9833,19.56,86,95,10.8
395,Ossora,RU,2021-04-22 02:44:03,59.2353,163.0719,32.02,94,100,2.48
396,Shahrud,IR,2021-04-22 02:44:03,36.4182,54.9763,69.22,31,21,2.86
397,Mersing,MY,2021-04-22 02:44:03,2.4312,103.8405,78.8,94,20,3.44
398,Kribi,CM,2021-04-22 02:44:04,2.95,9.9167,80.44,84,97,2.44
399,Morros,BR,2021-04-22 02:44:04,-9.4467,-46.3003,70.45,92,100,3.31
400,Placido De Castro,BR,2021-04-22 02:44:04,-10.3353,-67.1856,72.39,97,26,2.62
401,Challans,FR,2021-04-22 02:44:04,46.8436,-1.8749,51.01,71,0,8.05
402,Luanda,AO,2021-04-22 02:41:18,-8.8368,13.2343,78.69,87,77,4.32
403,Ternate,ID,2021-04-22 02:44:05,0.8,127.4,84.94,71,28,6.2
404,Ketchikan,US,2021-04-22 02:44:05,55.3422,-131.6461,55.4,47,1,9.22
405,Gayny,RU,2021-04-22 02:44:05,60.3071,54.3241,41.16,76,100,11.72
406,San Rafael,AR,2021-04-22 02:40:39,-34.6177,-68.3301,54.12,78,0,7.25
407,Acapulco,MX,2021-04-22 02:43:28,16.8634,-99.8901,80.6,74,75,6.91
408,Griffith,US,2021-04-22 02:44:06,41.5284,-87.4237,34.0,86,1,3.44
409,Yinchuan,CN,2021-04-22 02:44:06,38.4681,106.2731,67.6,39,67,11.21
410,Buala,SB,2021-04-22 02:44:06,-8.145,159.5921,84.67,70,99,3.09
411,Kentau,KZ,2021-04-22 02:44:07,43.5206,68.5094,45.54,25,0,12.95
412,Itaituba,BR,2021-04-22 02:44:07,-4.2761,-55.9836,73.8,98,100,1.95
413,Zmeinogorsk,RU,2021-04-22 02:44:07,51.1567,82.195,30.06,74,81,10.16
414,Ville-Marie,CA,2021-04-22 02:43:09,47.3335,-79.433,26.6,59,90,12.66
415,Mae Sai,TH,2021-04-22 02:44:08,20.4335,99.8762,84.2,65,0,2.3
416,Arauca,CO,2021-04-22 02:44:08,7.0847,-70.7591,80.89,46,7,3.18
417,Louis Trichardt,ZA,2021-04-22 02:44:08,-23.0439,29.9032,53.02,78,1,0.92
418,Kosh-Agach,RU,2021-04-22 02:44:08,50.0,88.6667,23.67,47,100,3.83
419,Hambantota,LK,2021-04-22 02:44:09,6.1241,81.1185,80.6,94,20,4.61
420,Nhulunbuy,AU,2021-04-22 02:44:09,-12.2333,136.7667,86.0,74,40,11.5
421,Raudeberg,NO,2021-04-22 02:44:09,61.9875,5.1352,39.0,76,86,17.47
422,Verkhoyansk,RU,2021-04-22 02:44:09,67.5447,133.385,19.08,69,100,1.52
423,Hualmay,PE,2021-04-22 02:39:56,-11.0964,-77.6139,67.48,88,1,9.24
424,Kabansk,RU,2021-04-22 02:44:10,52.0486,106.6528,35.6,32,100,17.9
425,George,ZA,2021-04-22 02:44:10,-33.963,22.4617,59.0,100,90,2.3
426,Balangiga,PH,2021-04-22 02:44:10,11.1097,125.3875,84.99,68,98,7.02
427,The Pas,CA,2021-04-22 02:44:11,53.8251,-101.2541,51.8,35,1,5.75
428,Taoudenni,ML,2021-04-22 02:44:11,22.6783,-3.9836,84.97,10,0,9.28
429,Kysyl-Syr,RU,2021-04-22 02:44:11,63.8986,122.7617,22.69,73,68,6.02
430,Ixtapa,MX,2021-04-22 02:44:12,20.7,-105.2,77.0,78,20,8.05
431,Kapustin Yar,RU,2021-04-22 02:44:12,48.5831,45.7372,49.75,79,97,5.12
432,Asheville,US,2021-04-22 02:44:12,35.6009,-82.554,35.6,51,1,10.36
433,Nagpur,IN,2021-04-22 02:44:12,21.15,79.1,82.4,51,20,4.61
434,Birin,NP,2021-04-22 02:44:13,26.8865,88.0718,70.59,37,100,2.53
435,Bonavista,CA,2021-04-22 02:39:44,48.6499,-53.1147,33.01,100,9,1.14
436,Garowe,SO,2021-04-22 02:44:13,8.4054,48.4845,76.59,78,66,9.48
437,Kieta,PG,2021-04-22 02:44:13,-6.2167,155.6333,83.1,77,54,1.54
438,Banda Aceh,ID,2021-04-22 02:44:13,5.5577,95.3222,84.27,70,100,10.65
439,Haines Junction,CA,2021-04-22 02:43:23,60.7522,-137.5108,44.6,29,3,5.75
440,Kirkland Lake,CA,2021-04-22 02:44:14,48.1446,-80.0377,26.6,63,99,4.41
441,Aitape,PG,2021-04-22 02:43:30,-3.1374,142.3475,85.28,68,100,8.23
442,Murud,IN,2021-04-22 02:44:14,18.3258,72.965,84.02,60,100,9.53
443,Ararat,AM,2021-04-22 02:44:15,39.8317,44.7049,59.0,58,20,3.44
444,Bosaso,SO,2021-04-22 02:44:15,11.2842,49.1816,81.97,70,32,8.84
445,Isla Mujeres,MX,2021-04-22 02:44:15,21.2311,-86.731,81.0,88,75,7.43
446,Vardo,NO,2021-04-22 02:44:15,70.3705,31.1107,35.6,75,75,18.41
447,Kutum,SD,2021-04-22 02:44:16,14.2,24.6667,74.28,14,56,8.37
448,Itoman,JP,2021-04-22 02:44:16,26.1247,127.6694,71.6,88,75,17.27
449,Shitanjing,CN,2021-04-22 02:44:16,39.2342,106.3439,60.44,47,98,9.13
450,Obigarm,TJ,2021-04-22 02:44:17,38.7173,69.7088,44.76,92,95,6.67
451,Husavik,IS,2021-04-22 02:44:17,66.0449,-17.3389,37.4,93,20,5.75
452,Ilulissat,GL,2021-04-22 02:44:17,69.2167,-51.1,28.4,50,39,16.11
453,Inta,RU,2021-04-22 02:44:17,66.0317,60.1659,37.76,70,100,9.78
454,Kuah,MY,2021-04-22 02:44:18,6.3265,99.8432,87.8,74,20,4.61
455,Boralday,KZ,2021-04-22 02:44:18,43.3578,76.8594,30.2,100,90,2.24
456,Marawi,PH,2021-04-22 02:44:18,7.9986,124.2928,84.99,72,43,4.0
457,Biak,ID,2021-04-22 02:40:31,-0.9131,122.8766,83.08,70,73,5.41
458,Kirkwood,US,2021-04-22 02:44:19,38.5834,-90.4068,42.01,81,36,5.75
459,Mudgee,AU,2021-04-22 02:44:19,-32.5943,149.5871,60.01,38,0,13.8
460,Palamos,ES,2021-04-22 02:44:19,41.8484,3.1291,46.0,93,20,3.44
461,Bende,NG,2021-04-22 02:44:19,5.5572,7.6368,77.85,86,100,4.7
462,Bathsheba,BB,2021-04-22 02:44:20,13.2167,-59.5167,78.8,65,40,19.57
463,Palmer,US,2021-04-22 02:42:56,42.1584,-72.3287,37.4,70,90,13.8
464,Port Keats,AU,2021-04-22 02:44:20,-14.25,129.55,93.88,34,22,6.8
465,Lillooet,CA,2021-04-22 02:44:20,50.6856,-121.942,66.2,32,1,14.97
466,Gat,IL,2021-04-22 02:44:21,31.61,34.7642,61.0,79,15,5.26
467,Krasnoturansk,RU,2021-04-22 02:44:21,54.3186,91.5639,35.6,32,0,11.18
468,High Rock,BS,2021-04-22 02:44:21,26.6208,-78.2833,77.0,83,99,3.44
469,Samana,DO,2021-04-22 02:44:21,19.2056,-69.3369,75.96,82,11,8.59
470,Colares,PT,2021-04-22 02:44:22,38.7992,-9.4469,59.0,90,100,9.46
471,Noumea,NC,2021-04-22 02:44:22,-22.2763,166.4572,81.0,73,90,8.05
472,Uyuni,BO,2021-04-22 02:44:22,-20.4597,-66.825,45.88,17,0,6.53
473,Dingli,MT,2021-04-22 02:44:23,35.8614,14.3822,61.0,82,0,18.41
474,Namatanai,PG,2021-04-22 02:44:23,-3.6667,152.4333,80.62,78,100,4.76
475,Ikalamavony,MG,2021-04-22 02:44:23,-21.15,46.5833,62.38,89,87,4.72
476,Venice,US,2021-04-22 02:44:23,27.0998,-82.4543,73.4,64,1,9.22
477,Gwadar,PK,2021-04-22 02:44:24,25.1216,62.3254,81.32,66,0,8.48
478,San Policarpo,PH,2021-04-22 02:44:24,12.1791,125.5072,83.75,72,52,12.01
479,Genhe,CN,2021-04-22 02:44:24,50.7833,121.5167,55.78,50,100,8.72
480,Kirksville,US,2021-04-22 02:44:24,40.1948,-92.5833,35.6,55,1,4.61
481,Meiganga,CM,2021-04-22 02:44:25,6.5167,14.3,67.42,89,100,0.94
482,Seoul,KR,2021-04-22 02:41:21,37.5683,126.9778,75.2,31,100,6.91
483,Pimentel,PE,2021-04-22 02:44:25,-6.8367,-79.9342,64.99,86,13,4.0
484,Salamiyah,SY,2021-04-22 02:44:25,35.0113,37.0532,52.9,64,2,5.77
485,Ullapool,GB,2021-04-22 02:44:26,57.8987,-5.1604,33.01,63,100,1.01
486,Selizharovo,RU,2021-04-22 02:44:26,56.8519,33.4487,37.81,96,100,6.98
487,Sarkand,KZ,2021-04-22 02:41:16,45.41,79.9186,33.3,70,33,3.8
488,Sao Felix Do Xingu,BR,2021-04-22 02:44:26,-6.6447,-51.995,70.9,95,100,0.54
489,Mildura,AU,2021-04-22 02:40:55,-34.2,142.15,64.4,55,90,10.36
490,Mehamn,NO,2021-04-22 02:44:27,71.0357,27.8492,34.74,83,100,8.12
491,Preobrazheniye,RU,2021-04-22 02:44:27,42.9019,133.9064,51.08,52,85,13.42
492,Acajutla,SV,2021-04-22 02:44:27,13.5928,-89.8275,75.99,89,100,1.01
493,Soyo,AO,2021-04-22 02:44:27,-6.1349,12.3689,79.12,86,100,4.59
494,Hobyo,SO,2021-04-22 02:44:28,5.3505,48.5268,83.25,72,100,6.91
495,Andilamena,MG,2021-04-22 02:41:03,-17.0167,48.5833,63.52,96,100,6.31
496,Zhanaozen,KZ,2021-04-22 02:44:28,43.3,52.8,57.38,14,100,21.34
497,Itarema,BR,2021-04-22 02:41:38,-2.9248,-39.9167,76.26,83,13,0.83
498,Qaqortoq,GL,2021-04-22 02:44:28,60.7167,-46.0333,46.4,29,75,34.52
499,Inhambane,MZ,2021-04-22 02:44:29,-23.865,35.3833,69.8,81,0,4.9
500,Saryozek,KZ,2021-04-22 02:44:29,44.3583,77.9753,34.3,38,42,9.44
501,Rosignol,GY,2021-04-22 02:44:29,6.2833,-57.5333,74.61,91,56,5.35
502,Pringsewu,ID,2021-04-22 02:44:30,-5.3582,104.9744,86.7,61,23,2.01
503,Yumen,CN,2021-04-22 02:44:30,40.2833,97.2,69.15,13,100,2.1
504,Kapit,MY,2021-04-22 02:44:30,2.0167,112.9333,89.47,59,88,0.87
505,Iquitos,PE,2021-04-22 02:44:30,-3.7481,-73.2472,75.2,88,90,6.91
506,Whyalla,AU,2021-04-22 02:44:31,-33.0333,137.5833,66.2,59,90,11.5
507,Narasannapeta,IN,2021-04-22 02:44:31,18.4167,84.05,85.12,68,66,11.05
508,Negara,ID,2021-04-22 02:44:31,-8.3151,114.6025,83.73,54,42,5.84
509,Solnechnyy,RU,2021-04-22 02:44:31,50.7214,136.6319,59.7,39,2,9.44
510,Amapa,BR,2021-04-22 02:44:32,1.0,-52.0,71.96,98,100,2.35
511,Grand Baie,MU,2021-04-22 02:44:32,-20.0182,57.5802,75.99,85,99,1.99
512,Dubbo,AU,2021-04-22 02:43:01,-32.25,148.6167,62.6,29,0,14.97
513,Betsiamites,CA,2021-04-22 02:44:32,48.9413,-68.646,32.0,86,90,8.05
514,Botwood,CA,2021-04-22 02:44:33,49.1499,-55.3482,39.99,78,46,2.77
515,Escarcega,MX,2021-04-22 02:44:33,18.6089,-90.7454,75.72,88,52,2.73
516,Mount Gambier,AU,2021-04-22 02:44:33,-37.8333,140.7667,59.0,63,90,17.27
517,Victor Harbor,AU,2021-04-22 02:44:34,-35.5667,138.6167,63.0,60,82,3.0
518,Mahebourg,MU,2021-04-22 02:44:34,-20.4081,57.7,77.0,88,40,3.44
519,Duluth,US,2021-04-22 02:42:53,46.7833,-92.1066,37.4,48,1,5.75
520,Jacareacanga,BR,2021-04-22 02:44:34,-6.2222,-57.7528,72.66,98,65,0.87
521,Saskylakh,RU,2021-04-22 02:44:34,71.9167,114.0833,12.06,83,97,11.59
522,Umm Lajj,SA,2021-04-22 02:44:35,25.0213,37.2685,80.31,58,100,7.9
523,Marsh Harbour,BS,2021-04-22 02:44:35,26.5412,-77.0636,75.04,82,100,12.91
524,Kibala,TD,2021-04-22 02:44:35,9.1104,18.3463,82.4,57,0,4.61
525,Tura,IN,2021-04-22 02:40:11,25.5198,90.2201,83.14,49,100,1.97
526,Tahoua,NE,2021-04-22 02:44:36,14.8888,5.2692,82.02,49,64,10.33
527,Khovu-Aksy,RU,2021-04-22 02:44:36,51.1333,93.6,29.1,45,99,9.28
528,Sorland,NO,2021-04-22 02:44:36,67.667,12.6934,35.42,49,58,6.51
529,Stephenville,US,2021-04-22 02:42:11,32.2207,-98.2023,52.0,50,90,5.99
530,Tambo,PE,2021-04-22 02:44:37,-14.8,-73.9167,36.21,81,14,3.71
531,Lompoc,US,2021-04-22 02:44:37,34.6391,-120.4579,53.6,76,54,9.22
532,Alice,US,2021-04-22 02:44:37,27.7523,-98.0697,64.4,67,1,10.36
533,Riverton,US,2021-04-22 02:40:10,40.5219,-111.9391,48.99,57,1,9.22
534,Xunchang,CN,2021-04-22 02:44:37,28.4543,104.715,74.46,59,68,4.32
535,Nalut,LY,2021-04-22 02:44:38,30.3333,10.85,68.09,27,0,16.55
536,Spring Hill,US,2021-04-22 02:44:33,28.4769,-82.5255,69.01,77,1,4.61
537,Kloulklubed,PW,2021-04-22 02:44:38,7.0419,134.2556,84.2,79,75,6.91
538,Dungarpur,IN,2021-04-22 02:44:38,23.8333,73.7167,85.14,25,5,0.85
539,Saint-Pierre,RE,2021-04-22 02:44:39,-21.3393,55.4781,77.0,83,0,8.05
540,Pacifica,US,2021-04-22 02:44:02,37.6138,-122.4869,52.0,87,90,5.75
541,Saint-Francois,FR,2021-04-22 02:44:39,46.4154,3.9054,39.2,93,0,3.44
542,Nikolayevsk-Na-Amure,RU,2021-04-22 02:44:39,53.1406,140.73,47.08,75,25,5.55
543,Ilek,RU,2021-04-22 02:44:39,51.5271,53.3831,44.56,55,100,15.05
544,Mirandela,PT,2021-04-22 02:44:40,41.4874,-7.187,46.99,98,100,0.63
545,Qurayyat,SA,2021-04-22 02:44:40,31.3318,37.3428,62.6,29,0,4.61
546,Cacu,BR,2021-04-22 02:44:40,-18.5567,-51.1308,63.95,55,0,1.43
547,Gallup,US,2021-04-22 02:44:41,35.5281,-108.7426,60.8,9,1,20.71
548,Gravdal,NO,2021-04-22 02:44:41,68.1214,13.5031,33.8,53,44,3.89
549,Bollnas,SE,2021-04-22 02:44:41,61.3482,16.3946,33.01,98,100,3.0
550,Zyryanka,RU,2021-04-22 02:44:41,65.75,150.85,28.56,79,100,13.51
551,Morecambe,GB,2021-04-22 02:44:42,54.0684,-2.8611,36.0,80,21,1.01
552,Mumford,GH,2021-04-22 02:44:42,5.2618,-0.759,80.96,83,67,7.25
553,Anchorage,US,2021-04-22 02:43:10,61.2181,-149.9003,60.8,33,1,6.91
554,Mezen,RU,2021-04-22 02:44:42,65.8522,44.24,40.33,86,100,11.7
555,Ambon,ID,2021-04-22 02:44:43,-3.6954,128.1814,89.6,66,40,3.44
