City_ID,City,Country,Date,Lat,Lng,Max Temp,Humidity,Cloudiness,Wind Speed,Current Description
0,Nyurba,RU,2021-04-24 17:22:13,63.2842,118.3319,31.42,92,71,4.09,broken clouds
1,Busselton,AU,2021-04-24 17:20:13,-33.65,115.3333,53.01,88,1,1.16,clear sky
2,Berlevag,NO,2021-04-24 17:22:13,70.8578,29.0864,34.79,75,100,16.44,overcast clouds
3,Bluff,NZ,2021-04-24 17:18:34,-46.6,168.3333,48.99,78,82,8.01,light rain
4,Daru,PG,2021-04-24 17:22:13,-9.0763,143.2092,80.04,84,85,5.53,moderate rain
5,Punta Arenas,CL,2021-04-24 17:19:50,-53.15,-70.9167,50.0,76,96,5.75,overcast clouds
6,Loja,EC,2021-04-24 17:22:14,-3.9931,-79.2042,84.2,42,40,16.11,light rain
7,Batemans Bay,AU,2021-04-24 17:22:14,-35.7167,150.1833,54.0,89,87,1.99,overcast clouds
8,Nikolskoye,RU,2021-04-24 17:20:15,59.7035,30.7861,42.01,60,0,2.24,clear sky
9,Bredasdorp,ZA,2021-04-24 17:22:14,-34.5322,20.0403,55.4,88,95,4.61,overcast clouds
10,Nanortalik,GL,2021-04-24 17:22:14,60.1432,-45.2371,41.49,74,99,5.03,overcast clouds
11,Tiksi,RU,2021-04-24 17:22:15,71.6872,128.8694,30.85,93,100,12.73,overcast clouds
12,Ouegoa,NC,2021-04-24 17:22:15,-20.35,164.4333,76.08,85,92,8.3,moderate rain
13,Ushuaia,AR,2021-04-24 17:17:41,-54.8,-68.3,55.4,58,40,16.11,scattered clouds
14,Nagod,IN,2021-04-24 17:22:16,24.5667,80.6,88.95,9,42,11.63,scattered clouds
15,Nyagan,RU,2021-04-24 17:22:16,62.1406,65.3936,42.87,92,100,2.84,overcast clouds
16,Adrar,MR,2021-04-24 17:22:16,20.5022,-10.0711,98.37,8,0,15.88,clear sky
17,Jamestown,US,2021-04-24 17:21:39,42.097,-79.2353,59.0,33,1,8.05,clear sky
18,Carnarvon,AU,2021-04-24 17:19:59,-24.8667,113.6333,64.4,88,0,2.3,clear sky
19,Khatanga,RU,2021-04-24 17:19:43,71.9667,102.5,32.34,97,100,16.42,light snow
20,Butaritari,KI,2021-04-24 17:22:17,3.0707,172.7902,82.15,73,99,9.26,light rain
21,Bathsheba,BB,2021-04-24 17:20:07,13.2167,-59.5167,86.0,54,20,19.57,few clouds
22,Yellowknife,CA,2021-04-24 17:20:41,62.456,-114.3525,15.8,57,40,12.66,scattered clouds
23,Buala,SB,2021-04-24 17:22:17,-8.145,159.5921,79.5,82,54,1.9,broken clouds
24,Chokurdakh,RU,2021-04-24 17:22:17,70.6333,147.9167,-15.02,99,17,4.21,few clouds
25,Norman Wells,CA,2021-04-24 17:22:18,65.282,-126.8329,30.2,64,75,3.44,broken clouds
26,Saskylakh,RU,2021-04-24 17:22:18,71.9167,114.0833,32.47,93,100,13.85,overcast clouds
27,Harper,LR,2021-04-24 17:22:18,4.375,-7.7169,84.81,73,61,10.78,broken clouds
28,Tateyama,JP,2021-04-24 17:22:19,34.9833,139.8667,62.01,71,26,4.0,scattered clouds
29,Arraial Do Cabo,BR,2021-04-24 17:22:19,-22.9661,-42.0278,78.8,73,20,10.36,few clouds
30,Tasiilaq,GL,2021-04-24 17:22:19,65.6145,-37.6368,35.6,80,75,10.36,light rain
31,Kapaa,US,2021-04-24 17:22:19,22.0752,-159.319,73.99,73,75,17.27,light rain
32,Cherskiy,RU,2021-04-24 17:22:20,68.75,161.3,19.18,96,100,4.09,light snow
33,Popovo,BG,2021-04-24 17:22:20,43.35,26.2333,57.2,58,100,6.91,overcast clouds
34,Pijijiapan,MX,2021-04-24 17:22:20,15.7011,-93.23,92.48,43,100,8.14,overcast clouds
35,Cidreira,BR,2021-04-24 17:22:21,-30.1811,-50.2056,75.85,62,25,11.54,scattered clouds
36,Namtsy,RU,2021-04-24 17:22:21,62.7161,129.6658,26.6,68,0,6.71,clear sky
37,Rikitea,PF,2021-04-24 17:22:21,-23.1203,-134.9692,78.6,71,100,15.43,overcast clouds
38,Touros,BR,2021-04-24 17:22:21,-5.1989,-35.4608,78.8,89,75,14.97,broken clouds
39,Luderitz,NA,2021-04-24 17:22:22,-26.6481,15.1594,64.08,79,1,6.51,clear sky
40,Merritt Island,US,2021-04-24 17:22:22,28.5392,-80.672,82.99,65,40,14.97,scattered clouds
41,Lebu,CL,2021-04-24 17:22:22,-37.6167,-73.65,57.94,69,2,16.64,clear sky
42,Hilo,US,2021-04-24 17:20:15,19.7297,-155.09,69.8,83,90,4.61,moderate rain
43,Santa Rosa,PH,2021-04-24 17:22:23,14.3122,121.1114,81.0,78,20,3.8,few clouds
44,Atuona,PF,2021-04-24 17:22:23,-9.8,-139.0333,80.42,75,36,21.56,scattered clouds
45,Cordoba,AR,2021-04-24 17:17:47,-31.4135,-64.1811,73.0,56,75,10.36,broken clouds
46,Upernavik,GL,2021-04-24 17:22:23,72.7868,-56.1549,34.43,86,32,2.86,scattered clouds
47,Kikwit,CD,2021-04-24 17:22:23,-5.041,18.8162,72.59,86,98,2.62,overcast clouds
48,Cape Town,ZA,2021-04-24 17:20:43,-33.9258,18.4232,64.0,77,0,13.8,clear sky
49,Bilibino,RU,2021-04-24 17:18:03,68.0546,166.4372,21.02,95,100,1.77,overcast clouds
50,Mecca,SA,2021-04-24 17:22:24,21.4267,39.8261,89.2,29,22,5.44,few clouds
51,Khandagayty,RU,2021-04-24 17:22:24,50.7333,92.05,29.86,65,20,9.33,few clouds
52,Seymchan,RU,2021-04-24 17:22:24,62.8833,152.4333,-5.1,98,61,2.39,broken clouds
53,Los Llanos De Aridane,ES,2021-04-24 17:18:01,28.6585,-17.9182,73.4,56,20,5.75,few clouds
54,Hithadhoo,MV,2021-04-24 17:22:25,-0.6,73.0833,83.53,69,41,6.62,scattered clouds
55,Mataura,NZ,2021-04-24 17:18:09,-46.1927,168.8643,48.99,78,57,8.01,broken clouds
56,Albany,US,2021-04-24 17:19:50,42.6001,-73.9662,66.99,17,62,1.99,broken clouds
57,Brae,GB,2021-04-24 17:17:26,60.3964,-1.353,44.6,76,40,10.36,scattered clouds
58,Kavieng,PG,2021-04-24 17:22:25,-2.5744,150.7967,81.01,78,49,6.67,scattered clouds
59,Manjacaze,MZ,2021-04-24 17:22:26,-24.7117,33.8828,70.27,71,4,6.29,clear sky
60,Benguela,AO,2021-04-24 17:22:26,-12.5763,13.4055,82.22,78,49,5.12,scattered clouds
61,Zhigansk,RU,2021-04-24 17:22:26,66.7697,123.3711,33.1,98,100,10.42,light snow
62,Thompson,CA,2021-04-24 17:22:26,55.7435,-97.8558,23.0,54,90,5.32,light snow
63,Puerto Ayora,EC,2021-04-24 17:20:11,-0.7393,-90.3518,82.4,74,75,12.66,broken clouds
64,Souillac,MU,2021-04-24 17:22:27,-20.5167,57.5167,78.8,89,75,14.97,light rain
65,Yichang,CN,2021-04-24 17:22:27,30.7144,111.2847,57.65,88,100,2.01,light rain
66,Airai,TL,2021-04-24 17:22:27,-8.9266,125.4092,57.0,90,50,2.35,scattered clouds
67,Vestmannaeyjar,IS,2021-04-24 17:22:28,63.4427,-20.2734,44.6,87,90,20.71,drizzle
68,Torbay,CA,2021-04-24 17:22:28,47.6666,-52.7314,51.8,37,75,28.77,broken clouds
69,Cockburn Town,TC,2021-04-24 17:19:59,21.4612,-71.1419,84.2,61,40,13.8,scattered clouds
70,Halifax,CA,2021-04-24 17:18:25,44.6453,-63.5724,62.6,31,13,12.66,few clouds
71,Gravdal,NO,2021-04-24 17:22:28,68.1214,13.5031,36.19,70,87,20.18,overcast clouds
72,Saint Joseph,US,2021-04-24 17:22:29,39.7686,-94.8466,60.01,55,1,21.85,clear sky
73,Vila Franca Do Campo,PT,2021-04-24 17:22:29,37.7167,-25.4333,59.0,88,75,16.11,broken clouds
74,Port Alfred,ZA,2021-04-24 17:22:29,-33.5906,26.891,68.38,84,51,10.87,broken clouds
75,Dali,CN,2021-04-24 17:17:36,25.7,100.1833,59.68,50,1,5.44,clear sky
76,Yenagoa,NG,2021-04-24 17:22:29,4.9247,6.2642,81.93,73,97,7.36,overcast clouds
77,Mar Del Plata,AR,2021-04-24 17:22:30,-38.0023,-57.5575,66.2,63,40,12.66,scattered clouds
78,Vaini,TO,2021-04-24 17:18:35,-21.2,-175.2,69.8,100,75,2.3,broken clouds
79,Ixtapa,MX,2021-04-24 17:22:30,20.7,-105.2,80.6,65,75,5.75,broken clouds
80,Gilgit,PK,2021-04-24 17:22:30,35.9221,74.3087,54.95,36,23,3.04,few clouds
81,Sao Filipe,CV,2021-04-24 17:22:31,14.8961,-24.4956,72.25,73,50,13.22,scattered clouds
82,Hobart,AU,2021-04-24 17:21:32,-42.8794,147.3294,50.0,81,96,6.91,overcast clouds
83,Naze,JP,2021-04-24 17:22:31,28.3667,129.4833,64.98,66,93,19.62,overcast clouds
84,Lewistown,US,2021-04-24 17:18:22,40.5992,-77.5714,64.0,38,87,1.99,overcast clouds
85,Yulara,AU,2021-04-24 17:21:51,-25.2406,130.9889,55.4,54,49,5.75,scattered clouds
86,Miyako,JP,2021-04-24 17:22:31,39.6367,141.9525,52.81,71,100,1.12,overcast clouds
87,Sistranda,NO,2021-04-24 17:17:40,63.7256,8.834,37.4,81,40,11.5,scattered clouds
88,Karabuk,TR,2021-04-24 17:18:21,41.2049,32.6277,57.11,89,100,4.45,overcast clouds
89,Sitka,US,2021-04-24 17:20:10,57.0531,-135.33,51.8,37,1,3.8,clear sky
90,Moscow,RU,2021-04-24 17:22:13,55.7522,37.6156,39.2,87,90,13.42,moderate rain
91,Hansi,IN,2021-04-24 17:22:32,29.1,75.9667,79.97,16,0,8.5,clear sky
92,Karratha,AU,2021-04-24 17:22:32,-20.7377,116.8463,79.39,40,0,5.61,clear sky
93,Vao,NC,2021-04-24 17:22:33,-22.6667,167.4833,76.01,66,100,11.05,overcast clouds
94,Mahon,ES,2021-04-24 17:22:33,39.8885,4.2658,62.6,59,20,9.22,few clouds
95,Alta Gracia,AR,2021-04-24 17:22:33,-31.6529,-64.4283,75.0,56,75,10.36,broken clouds
96,New Norfolk,AU,2021-04-24 17:20:37,-42.7826,147.0587,50.0,82,100,1.01,overcast clouds
97,Pingliang,CN,2021-04-24 17:22:34,35.5392,106.6861,45.7,90,100,3.22,overcast clouds
98,Bambous Virieux,MU,2021-04-24 17:22:34,-20.3428,57.7575,79.0,89,75,14.97,light rain
99,Dikson,RU,2021-04-24 17:22:34,73.5069,80.5464,13.96,85,100,18.45,overcast clouds
100,Barrow,US,2021-04-24 17:22:34,71.2906,-156.7887,19.4,86,1,3.44,clear sky
101,Nome,US,2021-04-24 17:22:35,64.5011,-165.4064,28.99,80,20,3.06,few clouds
102,La Asuncion,VE,2021-04-24 17:22:35,11.0333,-63.8628,73.4,94,47,23.02,scattered clouds
103,Hermanus,ZA,2021-04-24 17:22:35,-34.4187,19.2345,64.0,78,97,1.99,overcast clouds
104,Dauphin,CA,2021-04-24 17:22:35,51.1494,-100.0502,42.8,28,20,10.36,few clouds
105,Rafaela,AR,2021-04-24 17:22:36,-31.2503,-61.4867,70.0,63,80,7.0,broken clouds
106,Launceston,AU,2021-04-24 17:19:05,-41.45,147.1667,42.01,81,52,1.14,broken clouds
107,East London,ZA,2021-04-24 17:22:36,-33.0153,27.9116,64.4,88,0,4.61,clear sky
108,Karnobat,BG,2021-04-24 17:22:36,42.65,26.9833,53.6,82,75,8.05,broken clouds
109,Kampong Chhnang,KH,2021-04-24 17:22:37,12.1667,104.55,80.69,73,92,1.66,overcast clouds
110,Nemuro,JP,2021-04-24 17:22:37,43.3236,145.575,38.73,95,100,10.54,light rain
111,Plastun,RU,2021-04-24 17:22:37,44.7561,136.2939,37.99,53,0,6.46,clear sky
112,Hohhot,CN,2021-04-24 17:22:38,40.8106,111.6522,55.4,58,0,6.71,clear sky
113,Kirakira,SB,2021-04-24 17:22:38,-10.4544,161.9205,79.14,80,96,3.78,overcast clouds
114,Kodiak,US,2021-04-24 17:17:55,57.79,-152.4072,41.0,87,90,5.75,light rain
115,Tilichiki,RU,2021-04-24 17:22:38,60.4667,166.1,22.57,91,99,5.55,overcast clouds
116,Banda Aceh,ID,2021-04-24 17:21:07,5.5577,95.3222,80.26,75,100,10.54,overcast clouds
117,Jalingo,NG,2021-04-24 17:22:39,8.8833,11.3667,96.22,34,57,10.67,broken clouds
118,Ibra,OM,2021-04-24 17:22:39,22.6906,58.5334,86.49,21,71,12.15,broken clouds
119,Iqaluit,CA,2021-04-24 17:20:47,63.7506,-68.5145,33.8,86,75,2.3,broken clouds
120,Sakakah,SA,2021-04-24 17:20:09,29.9697,40.2064,89.6,9,40,3.44,scattered clouds
121,Payo,ID,2021-04-24 17:20:45,-3.7508,103.6372,74.75,89,99,1.7,overcast clouds
122,Lagoa,PT,2021-04-24 17:19:07,39.05,-27.9833,58.84,81,31,27.4,scattered clouds
123,Luancheng,CN,2021-04-24 17:22:39,37.8792,114.6517,57.2,77,0,4.47,clear sky
124,Bela,IN,2021-04-24 17:22:40,25.9333,81.9833,89.78,13,60,9.93,broken clouds
125,Nizwa,OM,2021-04-24 17:22:40,22.9333,57.5333,88.14,14,80,3.8,broken clouds
126,Marawi,PH,2021-04-24 17:22:40,7.9986,124.2928,77.0,89,46,7.0,scattered clouds
127,Bonthe,SL,2021-04-24 17:22:40,7.5264,-12.505,86.76,60,41,12.73,scattered clouds
128,Farafangana,MG,2021-04-24 17:22:41,-22.8167,47.8333,72.23,87,31,5.19,moderate rain
129,Namibe,AO,2021-04-24 17:19:14,-15.1961,12.1522,80.04,74,64,10.65,broken clouds
130,Provideniya,RU,2021-04-24 17:22:41,64.3833,-173.3,31.96,92,81,1.39,broken clouds
131,Freeport,US,2021-04-24 17:22:41,40.6576,-73.5832,69.01,26,1,12.66,clear sky
132,Nioro,GM,2021-04-24 17:22:42,13.35,-15.75,101.86,10,31,7.52,scattered clouds
133,Keizer,US,2021-04-24 17:22:42,44.9901,-123.0262,50.0,76,90,8.05,light rain
134,Diego De Almagro,CL,2021-04-24 17:22:42,-26.3667,-70.05,71.92,28,0,8.63,clear sky
135,Salalah,OM,2021-04-24 17:22:43,17.0151,54.0924,82.53,73,19,7.56,few clouds
136,Bow Island,CA,2021-04-24 17:22:43,49.8668,-111.3684,41.0,33,99,4.61,overcast clouds
137,Sandur,IN,2021-04-24 17:22:43,15.1,76.55,85.98,44,45,5.03,scattered clouds
138,Qaanaaq,GL,2021-04-24 17:18:25,77.484,-69.3632,28.08,65,100,8.46,overcast clouds
139,Sar-E Pul,AF,2021-04-24 17:22:43,35.8333,66.1667,56.82,31,98,2.86,overcast clouds
140,Sines,PT,2021-04-24 17:22:44,37.9562,-8.8698,68.0,72,81,8.01,broken clouds
141,Cayenne,GF,2021-04-24 17:22:44,4.9333,-52.3333,78.8,94,90,5.75,light rain
142,Tecoanapa,MX,2021-04-24 17:22:44,16.5167,-98.75,85.03,53,68,8.7,broken clouds
143,Codrington,AU,2021-04-24 17:22:45,-38.2667,141.9667,50.61,91,100,6.46,overcast clouds
144,Ponta Do Sol,PT,2021-04-24 17:22:45,32.6667,-17.1,64.0,74,36,1.99,scattered clouds
145,Capreol,CA,2021-04-24 17:22:45,46.706,-80.9225,57.99,35,75,10.36,broken clouds
146,Saldanha,ZA,2021-04-24 17:22:45,-33.0117,17.9442,66.2,55,91,6.91,overcast clouds
147,Sant Feliu De Guixols,ES,2021-04-24 17:22:46,41.7833,3.0333,63.0,22,96,9.42,overcast clouds
148,Havre-Saint-Pierre,CA,2021-04-24 17:22:46,50.2334,-63.5986,44.6,65,40,16.11,scattered clouds
149,Ayan,RU,2021-04-24 17:22:46,56.45,138.1667,24.4,74,79,11.16,broken clouds
150,Mizan Teferi,ET,2021-04-24 17:22:47,6.9833,35.5833,63.21,98,100,0.13,moderate rain
151,Tranbjerg,DK,2021-04-24 17:22:47,56.0901,10.1194,46.0,42,90,5.75,overcast clouds
152,Kenai,US,2021-04-24 17:22:47,60.5544,-151.2583,39.2,81,1,3.58,clear sky
153,Saint George,US,2021-04-24 17:22:47,37.1041,-113.5841,75.0,17,1,11.5,clear sky
154,Narsaq,GL,2021-04-24 17:22:48,60.9167,-46.05,59.0,29,75,25.32,broken clouds
155,Kempele,FI,2021-04-24 17:22:48,64.9131,25.5034,37.4,81,90,9.22,overcast clouds
156,Kortkeros,RU,2021-04-24 17:22:48,61.8106,51.5806,50.0,57,0,4.47,clear sky
157,Shahreza,IR,2021-04-24 17:22:49,32.0339,51.8794,71.26,15,66,5.88,broken clouds
158,Klaksvik,FO,2021-04-24 17:22:23,62.2266,-6.589,51.8,50,87,3.44,overcast clouds
159,Mayor Pablo Lagerenza,PY,2021-04-24 17:22:49,-19.9309,-60.7718,76.19,86,98,9.75,overcast clouds
160,Kiunga,PG,2021-04-24 17:22:49,-6.1219,141.2906,73.85,99,100,2.08,moderate rain
161,Kapit,MY,2021-04-24 17:22:49,2.0167,112.9333,73.0,99,78,0.89,broken clouds
162,Imbituba,BR,2021-04-24 17:22:50,-28.24,-48.6703,77.0,69,20,6.91,few clouds
163,Pevek,RU,2021-04-24 17:22:50,69.7008,170.3133,15.49,90,100,2.75,overcast clouds
164,Hobyo,SO,2021-04-24 17:22:50,5.3505,48.5268,84.25,69,37,13.62,scattered clouds
165,Korla,CN,2021-04-24 17:22:51,41.7597,86.1469,51.82,44,12,8.72,few clouds
166,Avarua,CK,2021-04-24 17:20:08,-21.2078,-159.775,78.8,73,99,12.66,overcast clouds
167,Tigil,RU,2021-04-24 17:20:09,57.8,158.6667,28.09,97,100,6.04,snow
168,Kruisfontein,ZA,2021-04-24 17:19:33,-34.0033,24.7314,60.01,92,93,1.99,overcast clouds
169,Hualmay,PE,2021-04-24 17:22:51,-11.0964,-77.6139,71.92,72,13,10.13,few clouds
170,Tongzi,CN,2021-04-24 17:22:51,28.7829,105.0877,65.1,84,94,5.88,light rain
171,Saint-Philippe,RE,2021-04-24 17:22:52,-21.3585,55.7679,77.0,88,20,26.46,moderate rain
172,Lompoc,US,2021-04-24 17:22:52,34.6391,-120.4579,53.6,71,11,8.05,few clouds
173,Great Bend,US,2021-04-24 17:22:52,38.3645,-98.7648,62.01,66,1,12.66,clear sky
174,Kozhva,RU,2021-04-24 17:22:53,65.1073,57.0459,44.31,83,73,6.6,broken clouds
175,Alyangula,AU,2021-04-24 17:22:53,-13.8483,136.4192,69.8,100,100,8.08,overcast clouds
176,Riyadh,SA,2021-04-24 17:21:07,24.6877,46.7219,95.0,13,0,7.4,clear sky
177,Acajutla,SV,2021-04-24 17:19:02,13.5928,-89.8275,87.8,45,40,8.05,scattered clouds
178,Atbasar,KZ,2021-04-24 17:22:53,51.8,68.3333,45.82,39,100,14.52,overcast clouds
179,Maltahohe,NA,2021-04-24 17:22:53,-24.8333,16.9833,73.63,21,11,9.55,few clouds
180,Road Town,VG,2021-04-24 17:22:54,18.4167,-64.6167,86.0,69,40,10.36,scattered clouds
181,Okhotsk,RU,2021-04-24 17:19:52,59.3833,143.3,14.34,72,67,15.32,broken clouds
182,Port Elizabeth,ZA,2021-04-24 17:19:58,-33.918,25.5701,57.2,100,0,8.05,clear sky
183,Southbridge,US,2021-04-24 17:19:41,42.0751,-72.0334,69.01,22,19,1.01,few clouds
184,Shache,CN,2021-04-24 17:22:54,38.4167,77.2406,63.64,10,92,3.04,overcast clouds
185,Sao Gabriel Da Cachoeira,BR,2021-04-24 17:20:05,-0.1303,-67.0892,89.6,62,40,5.75,scattered clouds
186,Castro,BR,2021-04-24 17:22:55,-24.7911,-50.0119,74.52,48,18,5.19,few clouds
187,Fort Nelson,CA,2021-04-24 17:18:21,58.8053,-122.7002,37.4,44,20,6.91,few clouds
188,Bengkulu,ID,2021-04-24 17:22:55,-3.8004,102.2655,76.32,87,100,4.54,overcast clouds
189,Kaitangata,NZ,2021-04-24 17:22:55,-46.2817,169.8464,44.01,89,47,3.0,scattered clouds
190,Acapulco,MX,2021-04-24 17:19:59,16.8634,-99.8901,86.0,45,75,6.91,broken clouds
191,Guanay,BO,2021-04-24 17:22:56,-15.4975,-67.8797,85.06,64,60,2.82,broken clouds
192,Quatre Cocos,MU,2021-04-24 17:22:56,-20.2078,57.7625,79.0,89,75,14.97,light rain
193,Laguna,US,2021-04-24 17:21:27,38.421,-121.4238,60.01,62,1,5.75,clear sky
194,Manta,EC,2021-04-24 17:21:32,-0.95,-80.7333,80.6,78,40,9.22,scattered clouds
195,The Valley,AI,2021-04-24 17:22:56,18.217,-63.0578,86.0,65,20,14.97,few clouds
196,Lhokseumawe,ID,2021-04-24 17:22:57,5.1801,97.1507,77.0,89,100,4.94,overcast clouds
197,Ambilobe,MG,2021-04-24 17:22:57,-13.2,49.05,75.22,89,38,2.71,scattered clouds
198,Humaita,BR,2021-04-24 17:22:57,-7.5061,-63.0208,84.96,81,86,3.24,overcast clouds
199,Nezhinka,RU,2021-04-24 17:22:57,51.7676,55.3694,46.4,93,90,2.24,mist
200,West Wendover,US,2021-04-24 17:22:18,40.7391,-114.0733,59.0,20,1,5.75,clear sky
201,Ust-Nera,RU,2021-04-24 17:22:58,64.5667,143.2,-6.75,89,18,1.34,few clouds
202,Knysna,ZA,2021-04-24 17:22:58,-34.0363,23.0471,59.0,88,90,2.3,overcast clouds
203,Camaqua,BR,2021-04-24 17:22:58,-30.8511,-51.8122,85.08,34,42,3.29,scattered clouds
204,Calabozo,VE,2021-04-24 17:20:55,8.9242,-67.4293,97.7,30,3,9.44,clear sky
205,Lentekhi,GE,2021-04-24 17:22:59,42.7856,42.7261,50.16,90,93,5.84,overcast clouds
206,Taltal,CL,2021-04-24 17:22:59,-25.4,-70.4833,64.98,72,12,5.95,few clouds
207,Nazareno,MX,2021-04-24 17:22:59,25.3833,-103.4167,78.8,7,1,8.14,clear sky
208,Urozhaynoye,RU,2021-04-24 17:22:59,44.7883,44.9228,59.05,58,93,7.99,overcast clouds
209,Vila Velha,BR,2021-04-24 17:20:47,-20.3297,-40.2925,82.4,61,20,10.36,few clouds
210,Lufilufi,WS,2021-04-24 17:23:00,-13.8745,-171.5986,73.4,100,20,8.81,few clouds
211,Cabo San Lucas,MX,2021-04-24 17:23:00,22.8909,-109.9124,82.99,41,1,8.05,clear sky
212,Lambarene,GA,2021-04-24 17:23:00,-0.7001,10.2406,72.61,92,100,0.65,overcast clouds
213,Longyearbyen,SJ,2021-04-24 17:23:01,78.2186,15.6401,26.6,68,75,5.75,light snow
214,Gat,IL,2021-04-24 17:21:51,31.61,34.7642,71.01,100,0,5.03,clear sky
215,Rayong,TH,2021-04-24 17:23:01,12.8333,101.4333,87.01,82,100,4.74,overcast clouds
216,Rawson,AR,2021-04-24 17:23:01,-43.3002,-65.1023,58.87,50,5,0.83,clear sky
217,Avera,US,2021-04-24 17:23:02,33.194,-82.5271,64.4,97,90,11.5,overcast clouds
218,Virginia Beach,US,2021-04-24 17:23:02,36.8529,-75.978,66.99,52,90,9.22,overcast clouds
219,Roald,NO,2021-04-24 17:23:02,62.5833,6.1333,41.0,56,75,5.75,broken clouds
220,Fare,PF,2021-04-24 17:23:02,-16.7,-151.0167,79.88,73,100,7.52,light rain
221,Chinhoyi,ZW,2021-04-24 17:23:03,-17.3667,30.2,68.04,65,88,2.46,light rain
222,Uthal,PK,2021-04-24 17:23:03,25.8072,66.6219,84.52,54,0,5.86,clear sky
223,Arraias,BR,2021-04-24 17:23:03,-12.9288,-46.9437,86.41,46,51,2.89,broken clouds
224,Istra,RU,2021-04-24 17:18:45,55.9178,36.8642,39.2,87,90,13.42,light rain
225,Belen,TR,2021-04-24 17:23:04,36.4891,36.2233,75.2,46,0,4.61,clear sky
226,Yellandu,IN,2021-04-24 17:23:04,17.6,80.3333,87.17,51,7,7.14,clear sky
227,Kununurra,AU,2021-04-24 17:23:04,-15.7667,128.7333,68.0,49,10,4.61,clear sky
228,Prince Rupert,CA,2021-04-24 17:23:04,54.3161,-130.3201,48.2,76,20,4.61,few clouds
229,Lemnia,RO,2021-04-24 17:23:05,46.05,26.2667,48.99,43,37,2.53,scattered clouds
230,Dingle,PH,2021-04-24 17:23:05,10.9995,122.6711,76.64,83,82,2.13,light rain
231,Fortuna,US,2021-04-24 17:20:41,40.5982,-124.1573,53.01,93,75,8.05,broken clouds
232,Ozernovskiy,RU,2021-04-24 17:23:05,51.5,156.5167,34.27,95,100,3.67,overcast clouds
233,Coihaique,CL,2021-04-24 17:23:06,-45.5752,-72.0662,53.6,76,90,3.44,overcast clouds
234,Pyinmana,MM,2021-04-24 17:23:06,19.7333,96.2167,85.71,55,63,7.74,broken clouds
235,Caucaia,BR,2021-04-24 17:22:17,-3.7361,-38.6531,84.2,79,75,16.11,broken clouds
236,Gambissara,SN,2021-04-24 17:23:06,13.2382,-14.3108,104.45,8,14,6.17,few clouds
237,Chuy,UY,2021-04-24 17:21:04,-33.6971,-53.4616,71.73,66,100,8.99,overcast clouds
238,Saint Anthony,US,2021-04-24 17:23:07,45.0205,-93.218,41.0,70,90,12.66,overcast clouds
239,Maldonado,UY,2021-04-24 17:23:07,-34.6667,-54.9167,68.0,88,90,10.36,moderate rain
240,Mangrol,IN,2021-04-24 17:23:07,21.1167,70.1167,81.05,81,100,13.0,overcast clouds
241,Aprelevka,RU,2021-04-24 17:23:08,55.5519,37.0801,39.0,93,75,11.18,light rain
242,Samaipata,BO,2021-04-24 17:23:08,-18.15,-63.8667,60.3,91,97,2.75,overcast clouds
243,Kibaha,TZ,2021-04-24 17:23:08,-6.7667,38.9167,78.8,83,75,13.8,broken clouds
244,Redlands,US,2021-04-24 17:23:09,34.0556,-117.1825,63.0,63,90,5.91,haze
245,Tuy Hoa,VN,2021-04-24 17:23:09,13.0833,109.3,78.57,87,17,3.22,few clouds
246,Vallenar,CL,2021-04-24 17:23:09,-28.5708,-70.7581,74.68,35,0,5.5,clear sky
247,Ossora,RU,2021-04-24 17:21:02,59.2353,163.0719,29.79,98,100,3.0,snow
248,Smithers,CA,2021-04-24 17:20:12,54.7804,-127.1743,46.4,36,20,5.75,few clouds
249,Teahupoo,PF,2021-04-24 17:23:10,-17.8333,-149.2667,77.0,78,75,2.3,light rain
250,Mayumba,GA,2021-04-24 17:23:10,-3.432,10.6554,79.25,83,85,6.96,light rain
251,Seoul,KR,2021-04-24 17:18:17,37.5683,126.9778,53.6,93,0,1.14,clear sky
252,Acuexcomac,MX,2021-04-24 17:23:10,19.0333,-98.3833,75.2,23,1,2.51,clear sky
253,Teluk Nibung,ID,2021-04-24 17:23:10,3.001,99.8164,74.88,91,100,4.92,overcast clouds
254,Kristianstad,SE,2021-04-24 17:23:11,56.0313,14.1524,50.0,36,53,13.8,broken clouds
255,Carutapera,BR,2021-04-24 17:23:11,-1.195,-46.02,83.41,79,95,5.84,overcast clouds
256,Asyut,EG,2021-04-24 17:23:11,27.181,31.1837,82.4,32,0,11.5,clear sky
257,Clyde River,CA,2021-04-24 17:23:12,70.4692,-68.5914,15.8,100,75,4.61,broken clouds
258,Tuatapere,NZ,2021-04-24 17:23:12,-46.1333,167.6833,48.99,77,88,8.01,light rain
259,Dhidhdhoo,MV,2021-04-24 17:23:12,6.8833,73.1,84.02,70,47,4.0,scattered clouds
260,Tongliao,CN,2021-04-24 17:19:57,43.6125,122.2653,42.42,25,23,3.38,few clouds
261,Camargo,MX,2021-04-24 17:23:13,27.6667,-105.1667,72.7,10,0,3.94,clear sky
262,Vostok,RU,2021-04-24 17:23:13,46.4856,135.8833,29.7,49,60,10.8,broken clouds
263,Mitsamiouli,KM,2021-04-24 17:23:13,-11.3847,43.2844,80.96,77,99,10.8,light rain
264,Guerrero Negro,MX,2021-04-24 17:23:13,27.9769,-114.0611,64.8,62,30,13.94,scattered clouds
265,Faanui,PF,2021-04-24 17:20:32,-16.4833,-151.75,79.79,75,100,8.39,light rain
266,Grand Baie,MU,2021-04-24 17:23:14,-20.0182,57.5802,79.0,82,98,7.0,overcast clouds
267,La Ronge,CA,2021-04-24 17:23:14,55.1001,-105.2842,24.8,46,45,3.44,scattered clouds
268,Tuktoyaktuk,CA,2021-04-24 17:20:06,69.4541,-133.0374,21.2,73,75,4.61,broken clouds
269,Port-Gentil,GA,2021-04-24 17:20:43,-0.7193,8.7815,82.4,83,75,8.05,broken clouds
270,Cabra,ES,2021-04-24 17:23:14,37.4725,-4.4421,61.0,76,100,5.01,overcast clouds
271,Arman,RU,2021-04-24 17:23:15,59.7,150.1667,13.03,72,66,13.58,broken clouds
272,Kautokeino,NO,2021-04-24 17:23:15,69.0125,23.0412,26.37,78,100,18.14,overcast clouds
273,Santa Maria,BR,2021-04-24 17:19:01,-29.6842,-53.8069,66.2,30,90,3.44,light rain
274,Albion,US,2021-04-24 17:23:15,42.2431,-84.753,53.6,81,90,4.61,moderate rain
275,Santa Isabel Do Rio Negro,BR,2021-04-24 17:23:16,-0.4139,-65.0192,90.93,52,62,5.23,broken clouds
276,Port Hedland,AU,2021-04-24 17:23:16,-20.3167,118.5667,69.8,64,0,9.22,clear sky
277,Zatoka,UA,2021-04-24 17:23:16,46.0725,30.4654,50.0,50,0,4.47,clear sky
278,Riberalta,BO,2021-04-24 17:23:17,-10.9833,-66.1,87.8,66,40,9.22,scattered clouds
279,Ozinki,RU,2021-04-24 17:23:17,51.1786,49.6769,50.86,81,70,12.75,broken clouds
280,Anantapur,IN,2021-04-24 17:23:17,14.6833,77.6,90.72,39,66,11.1,broken clouds
281,Bandar,ID,2021-04-24 17:23:17,2.05,99.75,73.33,97,100,2.59,overcast clouds
282,Gazanjyk,TM,2021-04-24 17:23:18,39.2446,55.5154,74.91,41,70,8.43,broken clouds
283,Lavrentiya,RU,2021-04-24 17:23:18,65.5833,-171.0,23.0,95,91,2.57,overcast clouds
284,Cap Malheureux,MU,2021-04-24 17:23:18,-19.9842,57.6142,79.0,82,99,7.0,overcast clouds
285,Davila,PH,2021-04-24 17:23:18,18.4726,120.5763,75.81,81,1,11.88,clear sky
286,Mayo,US,2021-04-24 17:23:19,38.8876,-76.5119,64.99,48,1,10.36,clear sky
287,Leningradskiy,RU,2021-04-24 17:23:19,69.3833,178.4167,18.25,94,100,4.36,overcast clouds
288,Victoria,HK,2021-04-24 17:23:19,22.2855,114.1577,77.0,86,37,1.99,scattered clouds
289,Pangnirtung,CA,2021-04-24 17:23:20,66.1451,-65.7125,33.8,75,20,5.75,few clouds
290,Marsh Harbour,BS,2021-04-24 17:23:20,26.5412,-77.0636,76.28,70,100,16.15,overcast clouds
291,Bierun,PL,2021-04-24 17:23:20,50.09,19.0929,52.0,52,100,5.01,overcast clouds
292,Alice Springs,AU,2021-04-24 17:21:37,-23.7,133.8833,50.0,66,1,8.08,clear sky
293,Coihueco,CL,2021-04-24 17:23:20,-36.6167,-71.8333,64.4,59,0,12.66,clear sky
294,Hami,CN,2021-04-24 17:23:21,42.8,93.45,52.0,19,32,4.18,scattered clouds
295,Severo-Kurilsk,RU,2021-04-24 17:23:21,50.6789,156.125,35.01,94,100,5.99,overcast clouds
296,Chippewa Falls,US,2021-04-24 17:23:21,44.9369,-91.3929,39.99,87,90,11.5,light rain
297,Olafsvik,IS,2021-04-24 17:23:21,64.8945,-23.7142,44.46,90,100,13.98,light rain
298,Lagos,NG,2021-04-24 17:23:22,6.5833,3.75,84.2,79,40,11.5,scattered clouds
299,Whitehorse,CA,2021-04-24 17:23:22,60.7161,-135.0538,41.0,48,20,8.05,few clouds
300,Belyy Yar,RU,2021-04-24 17:23:22,53.6039,91.3903,30.2,59,93,2.24,overcast clouds
301,Daguma,PH,2021-04-24 17:23:23,6.5867,124.5472,75.42,81,69,2.82,broken clouds
302,Daytona Beach,US,2021-04-24 17:23:05,29.2108,-81.0228,82.4,54,75,16.11,broken clouds
303,Cairns,AU,2021-04-24 17:23:23,-16.9167,145.7667,75.2,94,75,11.5,moderate rain
304,Samarai,PG,2021-04-24 17:23:23,-10.6167,150.6667,81.86,80,100,14.07,overcast clouds
305,Sinegorye,RU,2021-04-24 17:23:23,62.0788,150.477,-3.15,91,87,1.77,overcast clouds
306,Sorland,NO,2021-04-24 17:23:24,67.667,12.6934,36.34,70,98,26.44,overcast clouds
307,Ahipara,NZ,2021-04-24 17:19:32,-35.1667,173.1667,59.23,85,76,8.7,broken clouds
308,Matay,EG,2021-04-24 17:23:24,28.419,30.7792,82.65,14,3,8.46,clear sky
309,Bilma,NE,2021-04-24 17:23:24,18.6853,12.9164,100.76,6,36,9.22,scattered clouds
310,Hollins,US,2021-04-24 17:23:25,37.3413,-79.9431,54.0,58,90,4.32,overcast clouds
311,Mattru,SL,2021-04-24 17:23:25,7.6244,-11.8332,89.31,55,63,7.94,broken clouds
312,Taoudenni,ML,2021-04-24 17:23:25,22.6783,-3.9836,103.57,7,0,14.92,clear sky
313,Maningrida,AU,2021-04-24 17:23:25,-12.0667,134.2667,68.52,74,42,7.96,scattered clouds
314,Anklam,DE,2021-04-24 17:23:26,53.8564,13.6897,46.99,52,24,1.01,few clouds
315,Tulun,RU,2021-04-24 17:23:26,54.5611,100.5792,30.74,84,100,1.61,overcast clouds
316,Rio Gallegos,AR,2021-04-24 17:23:26,-51.6226,-69.2181,59.0,38,0,9.22,clear sky
317,Ancud,CL,2021-04-24 17:20:12,-41.8697,-73.8203,64.0,77,75,10.36,broken clouds
318,Esperance,AU,2021-04-24 17:23:27,-33.8667,121.9,59.0,77,98,12.66,overcast clouds
319,Schwandorf,DE,2021-04-24 17:23:27,49.3262,12.1093,60.8,29,1,5.75,clear sky
320,Bejar,ES,2021-04-24 17:23:27,40.3864,-5.7634,59.0,69,76,3.0,broken clouds
321,Sao Mateus,BR,2021-04-24 17:23:27,-18.7161,-39.8589,84.81,54,49,3.67,scattered clouds
322,Tunoshna,RU,2021-04-24 17:23:28,57.5459,40.1254,46.4,93,90,6.71,moderate rain
323,Te Anau,NZ,2021-04-24 17:23:28,-45.4167,167.7167,46.44,94,88,8.39,light rain
324,Ramban,IN,2021-04-24 17:23:28,33.25,75.25,55.89,58,0,10.74,clear sky
325,Solnechnyy,RU,2021-04-24 17:23:29,50.7214,136.6319,30.09,73,98,9.4,light snow
326,Siguiri,GN,2021-04-24 17:23:29,11.6667,-9.5,104.07,15,82,2.44,broken clouds
327,Kosh-Agach,RU,2021-04-24 17:23:29,50.0,88.6667,16.23,73,97,6.35,overcast clouds
328,Bandarbeyla,SO,2021-04-24 17:23:30,9.4942,50.8122,83.5,75,50,10.54,scattered clouds
329,Ferrol,ES,2021-04-24 17:23:30,43.4832,-8.2369,64.4,82,20,2.3,few clouds
330,Puerto Escondido,MX,2021-04-24 17:23:30,15.85,-97.0667,86.0,74,40,8.43,scattered clouds
331,Nishihara,JP,2021-04-24 17:23:30,26.1842,127.7558,68.0,94,75,9.22,light rain
332,Rantoul,US,2021-04-24 17:23:31,40.3084,-88.1559,53.01,76,90,4.61,overcast clouds
333,Guangyuan,CN,2021-04-24 17:23:31,32.442,105.823,57.83,79,100,5.68,overcast clouds
334,Mancio Lima,BR,2021-04-24 17:21:55,-7.6142,-72.8958,89.6,66,75,5.75,broken clouds
335,Itarema,BR,2021-04-24 17:23:31,-2.9248,-39.9167,83.41,78,65,14.47,moderate rain
336,Vzmorye,RU,2021-04-24 17:23:31,54.6961,20.2361,42.01,60,40,13.42,scattered clouds
337,Lishui,CN,2021-04-24 17:23:32,28.4604,119.9103,65.77,96,100,3.2,light rain
338,Gondar,ET,2021-04-24 17:23:32,12.6,37.4667,69.58,39,83,1.72,broken clouds
339,Bud,US,2021-04-24 17:20:45,39.447,-86.1758,55.0,77,100,6.64,moderate rain
340,Pangkalanbuun,ID,2021-04-24 17:23:32,-2.6833,111.6167,75.22,89,39,1.12,scattered clouds
341,Camacha,PT,2021-04-24 17:23:33,33.0833,-16.3333,68.0,60,20,14.97,few clouds
342,Turayf,SA,2021-04-24 17:23:33,31.6725,38.6637,84.2,18,75,27.63,broken clouds
343,Ribeira Grande,PT,2021-04-24 17:20:52,38.5167,-28.7,60.8,67,75,16.11,broken clouds
344,Estepona,ES,2021-04-24 17:23:33,36.4276,-5.1459,62.6,82,90,20.71,haze
345,Wapi Pathum,TH,2021-04-24 17:23:34,15.8452,103.3768,84.0,99,86,10.27,overcast clouds
346,Poum,NC,2021-04-24 17:23:34,-20.2333,164.0167,78.24,81,94,13.96,overcast clouds
347,Ulcinj,ME,2021-04-24 17:23:34,41.9294,19.2244,64.4,39,0,3.44,clear sky
348,Zyryanka,RU,2021-04-24 17:23:34,65.75,150.85,13.35,95,100,6.85,overcast clouds
349,Menongue,AO,2021-04-24 17:23:35,-14.6585,17.691,68.81,45,42,4.14,scattered clouds
350,Sao Joao Da Barra,BR,2021-04-24 17:21:58,-21.6403,-41.0511,86.0,51,20,6.8,few clouds
351,Granville,AU,2021-04-24 17:23:35,-33.8333,151.0167,54.0,91,43,4.14,scattered clouds
352,Haines Junction,CA,2021-04-24 17:23:35,60.7522,-137.5108,37.4,48,13,2.66,few clouds
353,Kayerkan,RU,2021-04-24 17:23:36,69.3497,87.7602,31.26,97,100,15.21,light snow
354,Cortez,US,2021-04-24 17:23:36,37.3489,-108.5859,62.6,17,1,13.8,clear sky
355,Hofn,IS,2021-04-24 17:21:14,64.2539,-15.2082,46.74,78,100,4.21,overcast clouds
356,Vanavara,RU,2021-04-24 17:23:36,60.34,102.2797,30.51,96,100,1.88,overcast clouds
357,Yeppoon,AU,2021-04-24 17:23:37,-23.1333,150.7333,68.0,77,99,5.75,overcast clouds
358,Morondava,MG,2021-04-24 17:23:37,-20.2833,44.2833,80.31,74,2,11.52,clear sky
359,Vila,PT,2021-04-24 17:23:37,42.0304,-8.1588,66.99,58,100,1.01,overcast clouds
360,San Quintin,MX,2021-04-24 17:23:37,30.4833,-115.95,62.33,68,37,12.26,scattered clouds
361,Kyra,RU,2021-04-24 17:23:38,49.5776,111.9753,41.95,26,100,1.79,overcast clouds
362,Sambava,MG,2021-04-24 17:20:49,-14.2667,50.1667,77.38,84,18,12.26,few clouds
363,Nalut,LY,2021-04-24 17:23:38,30.3333,10.85,77.79,21,0,15.57,clear sky
364,Dengzhou,CN,2021-04-24 17:23:38,37.8086,120.7508,49.57,84,27,6.82,light rain
365,Marzuq,YE,2021-04-24 17:23:39,14.4,46.4667,74.01,63,19,11.07,few clouds
366,Marfino,RU,2021-04-24 17:23:39,55.7028,37.3822,39.0,93,75,11.18,light rain
367,Saint-Pierre,RE,2021-04-24 17:23:39,-21.3393,55.4781,77.0,88,20,26.46,light rain
368,Omsukchan,RU,2021-04-24 17:23:39,62.5333,155.8,-10.32,99,44,5.03,scattered clouds
369,Chulym,RU,2021-04-24 17:23:40,55.0997,80.9572,37.06,72,13,2.26,few clouds
370,Kumla,SE,2021-04-24 17:23:40,59.1277,15.1434,46.4,34,75,11.5,broken clouds
371,Borsad,IN,2021-04-24 17:23:40,22.4167,72.9,85.55,43,93,7.11,overcast clouds
372,Kahului,US,2021-04-24 17:19:38,20.8947,-156.47,71.6,94,40,16.11,light rain
373,San Cristobal,VE,2021-04-24 17:23:41,7.7669,-72.225,87.8,58,40,11.5,scattered clouds
374,Hvolsvollur,IS,2021-04-24 17:23:41,63.7533,-20.2243,46.99,87,90,20.71,drizzle
375,Biak,ID,2021-04-24 17:23:41,-0.9131,122.8766,77.34,76,78,5.14,broken clouds
376,Ca Mau,VN,2021-04-24 17:22:54,9.1769,105.15,80.08,81,42,3.56,scattered clouds
377,Rovaniemi,FI,2021-04-24 17:23:41,66.5,25.7167,32.0,93,90,10.36,light snow
378,Hasaki,JP,2021-04-24 17:23:42,35.7333,140.8333,50.0,93,20,4.61,few clouds
379,Santa Cruz,BO,2021-04-24 17:23:42,-17.8,-63.1667,68.0,94,90,2.3,heavy intensity rain
380,Beringovskiy,RU,2021-04-24 17:23:42,63.05,179.3167,27.95,98,96,3.36,overcast clouds
381,Beloha,MG,2021-04-24 17:20:08,-25.1667,45.05,75.85,64,1,12.77,clear sky
382,Oktyabrskoye,RU,2021-04-24 17:23:43,43.0645,44.7417,60.8,67,75,2.24,broken clouds
383,Mundo Nuevo,MX,2021-04-24 17:23:43,18.7,-95.5,89.53,53,100,11.16,overcast clouds
384,Bethanien,NA,2021-04-24 17:23:43,-26.502,17.1583,80.62,18,26,11.05,scattered clouds
385,Yatou,CN,2021-04-24 17:23:43,37.15,122.3833,50.36,77,1,7.07,clear sky
386,Beaupre,CA,2021-04-24 17:23:44,47.0443,-70.8953,64.4,17,63,11.5,broken clouds
387,Denpasar,ID,2021-04-24 17:23:44,-8.65,115.2167,80.6,89,20,5.75,few clouds
388,Naron,ES,2021-04-24 17:23:44,43.5167,-8.1528,64.4,82,20,2.3,few clouds
389,Tinqueux,FR,2021-04-24 17:21:50,49.25,3.9833,64.4,42,0,9.22,clear sky
390,Ust-Kuyga,RU,2021-04-24 17:23:45,70.0167,135.6,22.01,94,100,10.94,light snow
391,Lorengau,PG,2021-04-24 17:23:45,-2.0226,147.2712,80.1,78,46,5.03,scattered clouds
392,Olavarria,AR,2021-04-24 17:23:45,-36.8927,-60.3225,64.44,53,4,13.76,clear sky
393,Saint-Augustin,CA,2021-04-24 17:23:45,51.226,-58.6502,38.17,77,94,13.35,overcast clouds
394,Petropavlovsk-Kamchatskiy,RU,2021-04-24 17:23:46,53.0452,158.6483,33.8,100,90,4.47,overcast clouds
395,Ponta Delgada,PT,2021-04-24 17:23:46,37.7333,-25.6667,59.0,88,75,16.11,broken clouds
396,Bansdih,IN,2021-04-24 17:23:46,25.8833,84.2167,89.44,12,2,9.1,clear sky
397,Cabo Rojo,PR,2021-04-24 17:23:47,18.0866,-67.1457,86.0,66,44,5.99,scattered clouds
398,Bethel,US,2021-04-24 17:20:26,41.3712,-73.414,69.01,24,1,5.75,clear sky
399,Khorinsk,RU,2021-04-24 17:23:47,52.1657,109.7726,44.82,26,100,5.14,overcast clouds
400,Mweka,CD,2021-04-24 17:23:47,-4.85,21.5667,71.73,88,85,2.39,light rain
401,Ankazoabo,MG,2021-04-24 17:23:47,-22.2833,44.5167,76.73,47,6,6.04,clear sky
402,Talnakh,RU,2021-04-24 17:23:48,69.4865,88.3972,32.58,98,100,13.0,light snow
403,Suntar,RU,2021-04-24 17:23:48,62.1444,117.6319,33.4,87,52,5.84,broken clouds
404,Lensk,RU,2021-04-24 17:23:48,60.7253,114.9278,25.99,98,100,3.49,overcast clouds
405,Alirajpur,IN,2021-04-24 17:23:49,22.3031,74.3546,88.88,19,100,7.38,overcast clouds
406,Grindavik,IS,2021-04-24 17:23:49,63.8424,-22.4338,46.4,87,90,23.02,light rain
407,Geraldton,AU,2021-04-24 17:23:49,-28.7667,114.6,60.8,94,27,6.91,scattered clouds
408,Mackay,AU,2021-04-24 17:23:49,-21.15,149.2,68.0,94,75,5.75,broken clouds
409,Simao,CN,2021-04-24 17:21:40,22.7886,100.9748,71.13,32,17,0.94,few clouds
410,Baturaja,ID,2021-04-24 17:23:50,-4.1333,104.1667,73.6,91,99,2.66,overcast clouds
411,Benghazi,LY,2021-04-24 17:23:50,32.1167,20.0667,63.72,83,26,20.22,scattered clouds
412,Aden,YE,2021-04-24 17:23:50,12.7794,45.0367,82.87,77,49,15.32,scattered clouds
413,Isangel,VU,2021-04-24 17:23:51,-19.55,169.2667,77.34,82,83,10.45,broken clouds
414,Vardo,NO,2021-04-24 17:23:51,70.3705,31.1107,33.58,93,100,23.62,snow
415,Myanaung,MM,2021-04-24 17:23:51,18.2833,95.3167,86.7,60,77,6.2,broken clouds
416,Belmonte,BR,2021-04-24 17:23:51,-15.8631,-38.8828,82.4,69,40,13.8,scattered clouds
417,Mantamados,GR,2021-04-24 17:23:52,39.3117,26.3339,59.0,82,20,5.75,few clouds
418,Venado Tuerto,AR,2021-04-24 17:23:52,-33.7456,-61.9688,75.0,99,1,20.0,clear sky
419,La Rioja,ES,2021-04-24 17:23:52,42.25,-2.5,66.2,42,0,16.11,clear sky
420,Tirat Karmel,IL,2021-04-24 17:23:53,32.7617,34.9719,68.0,83,0,5.75,clear sky
421,Sangar,RU,2021-04-24 17:23:53,63.9242,127.4739,13.28,95,88,1.95,overcast clouds
422,Vamospercs,HU,2021-04-24 17:23:53,47.5333,21.9,57.2,35,0,2.3,clear sky
423,San Patricio,US,2021-04-24 17:22:31,28.017,-97.5169,95.0,12,1,18.41,clear sky
424,Alta Floresta,BR,2021-04-24 17:23:54,-9.8756,-56.0861,84.2,70,40,3.44,scattered clouds
425,Umm Lajj,SA,2021-04-24 17:23:54,25.0213,37.2685,82.45,53,0,5.14,clear sky
426,Georgetown,MY,2021-04-24 17:23:54,5.4112,100.3354,82.0,89,40,4.61,scattered clouds
427,Batticaloa,LK,2021-04-24 17:23:54,7.7102,81.6924,81.93,73,12,6.69,few clouds
428,Atar,MR,2021-04-24 17:23:55,20.5169,-13.0499,98.53,8,0,17.2,clear sky
429,Tura,IN,2021-04-24 17:23:55,25.5198,90.2201,78.15,29,65,4.32,broken clouds
430,Cabatuan,PH,2021-04-24 17:23:55,10.8794,122.486,77.16,78,76,2.86,broken clouds
431,Silifke,TR,2021-04-24 17:23:56,36.3778,33.9344,75.47,36,18,3.22,few clouds
432,Mackenzie,CA,2021-04-24 17:23:56,55.2999,-123.1698,37.4,44,20,6.91,few clouds
433,San Jeronimito,MX,2021-04-24 17:23:56,17.55,-101.3333,86.0,58,1,5.53,clear sky
434,Bestobe,KZ,2021-04-24 17:23:56,52.4994,73.0975,44.46,42,100,12.3,overcast clouds
435,Ligayan,PH,2021-04-24 17:23:57,4.6533,119.4706,82.36,76,31,5.91,scattered clouds
436,Sept-Iles,CA,2021-04-24 17:22:50,50.2001,-66.3821,50.0,46,75,13.8,broken clouds
437,Tocopilla,CL,2021-04-24 17:23:57,-22.092,-70.1979,69.3,62,14,6.08,few clouds
438,Labuhan,ID,2021-04-24 17:23:57,-6.8844,112.2051,78.53,82,75,6.2,broken clouds
439,Maoming,CN,2021-04-24 17:23:57,21.65,110.9,77.18,87,57,9.53,broken clouds
440,Seredeyskiy,RU,2021-04-24 17:23:58,54.0507,35.2318,36.39,74,100,9.78,overcast clouds
441,Honiara,SB,2021-04-24 17:23:58,-9.4333,159.95,77.67,83,56,2.95,broken clouds
442,Huarmey,PE,2021-04-24 17:23:58,-10.0681,-78.1522,72.64,74,5,11.32,clear sky
443,Fairbanks,US,2021-04-24 17:23:59,64.8378,-147.7164,44.01,52,1,6.91,clear sky
444,Katsuura,JP,2021-04-24 17:20:34,35.1333,140.3,60.8,67,0,13.8,clear sky
445,Port Blair,IN,2021-04-24 17:22:04,11.6667,92.75,82.22,71,34,8.19,scattered clouds
446,Baiyin,CN,2021-04-24 17:23:59,36.5583,104.2081,44.6,81,90,6.71,overcast clouds
447,Dalbandin,PK,2021-04-24 17:23:59,28.8947,64.4101,83.19,7,0,6.49,clear sky
448,Chicama,PE,2021-04-24 17:21:24,-7.8447,-79.1469,66.2,82,75,12.66,fog
449,Riachao Das Neves,BR,2021-04-24 17:24:00,-11.7461,-44.91,86.25,56,54,0.83,broken clouds
450,Inverell,AU,2021-04-24 17:21:25,-29.7833,151.1167,42.01,71,44,1.99,scattered clouds
451,Galle,LK,2021-04-24 17:24:00,6.0367,80.217,80.46,82,72,2.48,broken clouds
452,Bosaso,SO,2021-04-24 17:24:00,11.2842,49.1816,85.19,66,80,4.03,broken clouds
453,South Sioux City,US,2021-04-24 17:24:00,42.4739,-96.4136,48.2,40,1,17.27,clear sky
454,Komsomolskiy,UZ,2021-04-24 17:24:01,40.4272,71.7189,64.4,36,100,4.61,overcast clouds
455,Torata,PE,2021-04-24 17:24:01,-17.0769,-70.8433,65.44,39,0,8.03,clear sky
456,Ilulissat,GL,2021-04-24 17:19:57,69.2167,-51.1,39.2,60,75,4.61,broken clouds
457,Kasama,ZM,2021-04-24 17:24:01,-10.2129,31.1808,65.75,80,99,5.28,overcast clouds
458,Morro Da Fumaca,BR,2021-04-24 17:24:02,-28.6508,-49.21,78.26,56,14,7.83,few clouds
459,Constitucion,CL,2021-04-24 17:23:24,-35.3333,-72.4167,65.17,55,0,13.49,clear sky
460,Ballangen,NO,2021-04-24 17:22:15,68.3428,16.8315,37.4,60,75,13.8,broken clouds
461,Yanagawa,JP,2021-04-24 17:24:02,33.1667,130.4,61.0,49,37,1.72,scattered clouds
462,Kaduy,RU,2021-04-24 17:24:02,59.2,37.15,39.2,100,90,6.71,light rain
463,Conceicao Do Almeida,BR,2021-04-24 17:24:03,-12.7794,-39.17,87.1,47,35,9.13,scattered clouds
464,Saint-Francois,FR,2021-04-24 17:24:03,46.4154,3.9054,73.4,33,0,10.36,clear sky
465,Veinticinco De Mayo,AR,2021-04-24 17:24:03,-35.4323,-60.1727,70.0,64,0,13.0,clear sky
466,Vaitape,PF,2021-04-24 17:24:03,-16.5167,-151.75,79.75,75,100,8.41,light rain
467,George,ZA,2021-04-24 17:24:04,-33.963,22.4617,59.0,88,90,2.3,overcast clouds
468,Zapolyarnyy,RU,2021-04-24 17:24:04,69.4154,30.8136,30.2,100,90,16.11,overcast clouds
469,Omboue,GA,2021-04-24 17:24:04,-1.5746,9.2618,79.39,79,100,5.86,overcast clouds
470,Nueva Loja,EC,2021-04-24 17:24:05,0.0847,-76.8828,84.2,70,75,4.61,broken clouds
471,Meulaboh,ID,2021-04-24 17:24:05,4.1363,96.1285,76.19,86,100,3.71,overcast clouds
472,Crotone,IT,2021-04-24 17:24:05,39.0851,17.1178,55.4,71,40,16.11,scattered clouds
473,Rundu,NA,2021-04-24 17:22:20,-17.9333,19.7667,69.64,29,0,3.71,clear sky
474,Paraisopolis,BR,2021-04-24 17:24:05,-22.5542,-45.78,77.0,57,20,3.44,few clouds
475,Biga,TR,2021-04-24 17:24:06,40.2281,27.2422,55.4,88,75,18.41,broken clouds
476,Pokhara,NP,2021-04-24 17:24:06,28.2333,83.9833,72.1,28,99,7.58,overcast clouds
477,Wuwei,CN,2021-04-24 17:24:06,37.9281,102.6414,47.59,57,68,3.06,broken clouds
478,Yangjiang,CN,2021-04-24 17:24:07,21.85,111.9667,76.19,89,14,6.02,few clouds
479,Ambon,ID,2021-04-24 17:24:07,-3.6954,128.1814,77.0,94,40,6.91,scattered clouds
480,Puro,PH,2021-04-24 17:24:07,12.4841,123.3827,80.6,75,68,0.63,broken clouds
481,Xiongyue,CN,2021-04-24 17:24:07,40.1774,122.1228,50.22,58,7,15.01,clear sky
482,Gizo,SB,2021-04-24 17:24:08,-8.103,156.8419,81.43,78,66,6.13,light rain
483,Faya,SA,2021-04-24 17:24:08,18.3851,42.4509,57.2,77,75,5.75,broken clouds
484,El Viejo,NI,2021-04-24 17:24:08,12.6633,-87.1672,91.4,38,0,4.61,clear sky
485,Chapais,CA,2021-04-24 17:24:08,49.7834,-74.8492,46.4,36,1,9.22,clear sky
486,Nampula,MZ,2021-04-24 17:24:03,-15.1165,39.2666,69.8,100,90,9.22,light intensity drizzle
487,Makakilo City,US,2021-04-24 17:19:33,21.3469,-158.0858,75.2,68,20,8.05,few clouds
488,Scottsbluff,US,2021-04-24 17:24:09,41.8666,-103.6672,55.0,61,90,12.66,overcast clouds
489,Port Keats,AU,2021-04-24 17:24:09,-14.25,129.55,70.83,30,62,8.55,broken clouds
490,Kieta,PG,2021-04-24 17:24:09,-6.2167,155.6333,78.64,83,72,2.53,broken clouds
491,Norton Shores,US,2021-04-24 17:24:10,43.1689,-86.2639,55.4,54,90,10.36,overcast clouds
492,Svetlogorsk,BY,2021-04-24 17:24:10,52.6333,29.7333,38.5,62,66,9.19,broken clouds
493,Zhangye,CN,2021-04-24 17:24:10,38.9342,100.4517,52.61,28,100,2.59,light rain
494,Ola,RU,2021-04-24 17:24:11,59.5833,151.2833,15.93,69,91,15.23,overcast clouds
495,Anadyr,RU,2021-04-24 17:24:11,64.75,177.4833,30.2,100,75,15.66,light snow
496,Providencia,MX,2021-04-24 17:24:11,28.7167,-111.5833,82.0,38,3,1.01,clear sky
497,Mahebourg,MU,2021-04-24 17:24:11,-20.4081,57.7,78.8,89,75,14.97,light rain
498,Homer,US,2021-04-24 17:24:12,59.6425,-151.5483,44.01,87,1,6.91,clear sky
499,Hamilton,US,2021-04-24 17:20:46,39.1834,-84.5333,53.6,66,90,3.44,light rain
500,Shingu,JP,2021-04-24 17:24:12,33.7333,135.9833,52.25,86,4,5.03,clear sky
501,Tevaitoa,PF,2021-04-24 17:24:12,-16.7833,-151.5,79.72,75,100,9.37,light rain
502,Dubbo,AU,2021-04-24 17:19:15,-32.25,148.6167,39.2,93,0,3.44,clear sky
503,Krasnoarmeysk,RU,2021-04-24 17:24:13,51.0239,45.6969,46.0,61,53,8.01,broken clouds
504,Namatanai,PG,2021-04-24 17:23:10,-3.6667,152.4333,78.35,80,49,5.41,scattered clouds
505,Nanchong,CN,2021-04-24 17:24:13,30.7951,106.0847,61.14,72,100,8.88,light rain
506,Igede,NG,2021-04-24 17:24:13,10.0544,5.9416,96.71,31,100,0.87,overcast clouds
507,Srandakan,ID,2021-04-24 17:24:14,-7.9386,110.2506,76.14,82,14,3.6,few clouds
508,Storforshei,NO,2021-04-24 17:24:14,66.4043,14.5233,30.31,85,58,4.41,broken clouds
509,Praia,CV,2021-04-24 17:24:14,14.9215,-23.5087,77.0,53,40,21.85,scattered clouds
510,Rio Brilhante,BR,2021-04-24 17:24:14,-21.8019,-54.5464,94.28,21,57,5.06,broken clouds
511,Wenling,CN,2021-04-24 17:24:15,28.3669,121.36,66.99,84,100,5.95,light rain
512,Kondinskoye,RU,2021-04-24 17:24:15,59.6481,67.41,45.12,59,100,6.06,overcast clouds
513,Anloga,GH,2021-04-24 17:24:15,5.7947,0.8973,86.0,74,40,14.97,scattered clouds
514,Ostrovnoy,RU,2021-04-24 17:24:16,68.0531,39.5131,36.54,99,100,1.66,overcast clouds
515,Taitung,TW,2021-04-24 17:24:16,22.7583,121.1444,73.18,83,99,4.05,overcast clouds
516,Tarko-Sale,RU,2021-04-24 17:24:16,64.9225,77.785,35.01,89,100,6.42,overcast clouds
517,Terra Santa,BR,2021-04-24 17:24:16,-2.1042,-56.4869,87.66,66,74,1.92,broken clouds
518,Derzhavinsk,KZ,2021-04-24 17:24:17,51.1,66.3167,47.68,45,100,16.49,overcast clouds
519,Tazovskiy,RU,2021-04-24 17:24:17,67.4667,78.7,31.59,92,100,9.86,overcast clouds
520,Burnie,AU,2021-04-24 17:24:17,-41.0667,145.9167,46.99,86,73,1.01,broken clouds
521,Bartlesville,US,2021-04-24 17:24:17,36.7473,-95.9808,62.01,72,75,12.66,broken clouds
522,Matara,LK,2021-04-24 17:24:18,5.9485,80.5353,78.64,87,80,3.58,broken clouds
523,Celldomolk,HU,2021-04-24 17:24:18,47.2571,17.1503,59.0,33,0,4.61,clear sky
524,College,US,2021-04-24 17:23:45,64.8569,-147.8028,44.01,56,20,1.01,few clouds
525,Alihe,CN,2021-04-24 17:24:18,50.5667,123.7167,35.37,53,2,3.96,clear sky
526,Devils Lake,US,2021-04-24 17:24:19,48.1128,-98.8651,37.99,23,1,9.22,clear sky
527,Ojinaga,MX,2021-04-24 17:24:19,29.5667,-104.4167,77.0,12,1,3.13,clear sky
528,Aklavik,CA,2021-04-24 17:24:19,68.2191,-135.0107,30.2,69,20,2.3,few clouds
529,Noshiro,JP,2021-04-24 17:24:19,40.2039,140.0242,48.92,83,100,4.16,overcast clouds
530,Plettenberg Bay,ZA,2021-04-24 17:24:20,-34.0527,23.3716,61.52,88,100,3.47,overcast clouds
531,Martapura,ID,2021-04-24 17:24:20,-3.4167,114.85,77.0,88,90,3.44,overcast clouds
532,Minab,IR,2021-04-24 17:24:20,27.1467,57.0801,91.4,29,0,6.91,haze
533,Zaysan,KZ,2021-04-24 17:24:21,47.4667,84.8667,34.14,52,46,10.89,scattered clouds
534,Nurlat,RU,2021-04-24 17:24:21,54.4277,50.8051,43.54,93,100,6.22,overcast clouds
535,Thunder Bay,CA,2021-04-24 17:23:01,48.4001,-89.3168,36.0,60,90,11.5,light snow
536,Palauig,PH,2021-04-24 17:24:21,15.435,119.9045,77.16,75,1,6.67,clear sky
537,Dillingen,DE,2021-04-24 17:24:22,49.35,6.7333,62.6,31,0,5.75,clear sky
538,Coquimbo,CL,2021-04-24 17:24:22,-29.9533,-71.3436,64.4,63,0,9.22,clear sky
539,Tumwater,US,2021-04-24 17:24:22,47.0073,-122.9093,48.0,93,90,9.22,light rain
540,Kidal,ML,2021-04-24 17:24:22,18.4411,1.4078,103.48,4,0,10.92,clear sky
541,Shimoda,JP,2021-04-24 17:24:23,34.6667,138.95,53.01,72,24,3.0,few clouds
542,Morant Bay,JM,2021-04-24 17:22:14,17.8815,-76.4093,86.0,70,40,13.8,scattered clouds
543,Ribeira Brava,PT,2021-04-24 17:24:23,32.65,-17.0667,64.0,69,28,15.86,scattered clouds
544,Uvira,CD,2021-04-24 17:24:23,-3.4067,29.1458,75.25,82,57,4.79,light rain
545,Marquette,US,2021-04-24 17:20:12,46.5333,-87.6335,37.99,84,100,9.78,overcast clouds
546,Salvador,SV,2021-04-24 17:20:29,13.8333,-88.9167,89.6,54,40,6.91,scattered clouds
547,Khash,IR,2021-04-24 17:24:24,28.2211,61.2158,75.11,7,12,3.69,few clouds
548,Bubaque,GW,2021-04-24 17:24:24,11.2833,-15.8333,78.64,68,3,21.16,clear sky
549,Takoradi,GH,2021-04-24 17:24:24,4.8845,-1.7554,85.12,72,92,11.83,overcast clouds
550,Walvis Bay,NA,2021-04-24 17:24:25,-22.9575,14.5053,61.0,82,21,10.36,few clouds
551,Arlit,NE,2021-04-24 17:20:07,18.7369,7.3853,104.29,6,8,6.73,clear sky
552,Chiapilla,MX,2021-04-24 17:24:25,16.5167,-92.7333,89.6,40,40,8.05,scattered clouds
553,Navirai,BR,2021-04-24 17:24:25,-23.065,-54.1906,78.6,38,99,4.32,overcast clouds
554,Broome,US,2021-04-24 17:20:08,42.2506,-75.833,64.0,29,40,8.05,scattered clouds
555,Bloemfontein,ZA,2021-04-24 17:24:26,-29.1211,26.214,59.0,36,0,4.61,clear sky
556,Sabang,ID,2021-04-24 17:24:26,5.8933,95.3214,83.28,71,100,15.88,overcast clouds
557,Soyo,AO,2021-04-24 17:23:16,-6.1349,12.3689,80.46,80,100,4.81,light rain
558,Auki,SB,2021-04-24 17:24:26,-8.7676,160.7034,77.4,85,89,2.89,overcast clouds
559,Saint-Ambroise,CA,2021-04-24 17:24:27,48.5501,-71.3324,57.0,32,20,16.11,few clouds
560,Hesla,IN,2021-04-24 17:24:27,24.0667,85.8833,89.26,10,91,1.77,overcast clouds
561,Atascadero,US,2021-04-24 17:23:35,35.4894,-120.6707,53.6,71,75,3.44,broken clouds
